id;titre;entreprise;employeur;metier;lieu;zone;contrat;niveau;mod;retail;dcib;teletravail;salaire;secteur;date;score;exclusion;url
213RRVB;ALTERNANCE Assistant Communication & Community Management (H/F);ALBON;Entreprise;Community manager;26 - SAINT-RAMBERT-D'ALBON;Auvergne-Rhône-Alpes;Contrat apprentissage;Bac+5;1;0;0;0;"";Fabrication d'éléments en matières plastiques pour la construction;2026-09-10;6;"";https://candidat.francetravail.fr/offres/recherche/detail/213RRVB
6535001;Traffic Manager en Acquisition Digitale (H/F);LWS HOSPITALITY;Entreprise;Community manager;26 - Valence;Auvergne-Rhône-Alpes;Contrat apprentissage;Bac+5;1;0;0;0;Mensuel de 1250.0 Euros à 1867.0 Euros;"";2026-09-03;6;"";https://candidat.francetravail.fr/offres/recherche/detail/6535001
6315667;Alternance Communication Digitale et Community Management International F/H - BIOSPHERES GROUP;BIOSPHERES GROUP;Entreprise;Chargé / Chargée de communication;69 - Lyon 3e Arrondissement;Auvergne-Rhône-Alpes;Cont. professionnalisation;Bac+5;1;0;1;0;"";Recherche-développement en autres sciences physiques et naturelles;2026-08-26;6;"";https://candidat.francetravail.fr/offres/recherche/detail/6315667
212WWHW;Community Manager en apprentissage F/H (H/F);CIMALPES;Entreprise;Community manager;73 - Albertville;Auvergne-Rhône-Alpes;Contrat apprentissage;Bac+5;1;0;0;0;Mensuel de 966.21 Euros à 1112.05 Euros;Services administratifs combinés de bureau;2026-08-25;6;"";https://candidat.francetravail.fr/offres/recherche/detail/212WWHW
4764884;OFFRE D'ALTERNANCE ASSISTANT(E) COMMUNICATION & COMMUNITY MANAGEMENT - H/F;Pool Technologie;Entreprise;Chargé / Chargée des relations publiques;26 - Saint-Rambert-d'Albon;Auvergne-Rhône-Alpes;Contrat apprentissage;Bac+5;1;0;0;0;"";Fabrication d'autres machines d'usage général;2026-07-09;6;"";https://candidat.francetravail.fr/offres/recherche/detail/4764884
210YBKQ;Assistant marketing et communication en Alternance (H/F);LA FOLIE DOUCE SAINT GERVAIS;Entreprise;Assistant / Assistante marketing;74 - Saint-Gervais-les-Bains;Auvergne-Rhône-Alpes;Contrat apprentissage;Bac+5;1;0;0;0;"";Restauration traditionnelle;2026-07-08;6;"";https://candidat.francetravail.fr/offres/recherche/detail/210YBKQ
2205763;ALTERNANT MONITEUR DE SKI ET CHARGÉ MARKETING/COMMUNICATION - H/F;COMPAGNIE DES ALPES;Entreprise;Assistant / Assistante marketing;74 - Saint-Gervais-les-Bains;Auvergne-Rhône-Alpes;Contrat apprentissage;Bac+5;1;1;0;1;"";Activités des sièges sociaux;2026-05-01;6;"";https://candidat.francetravail.fr/offres/recherche/detail/2205763
2205761;ALTERNANT MONITEUR DE SKI ET CHARGÉ MARKETING/COMMUNICATION - H/F;COMPAGNIE DES ALPES;Entreprise;Assistant / Assistante marketing;74 - Megève;Auvergne-Rhône-Alpes;Contrat apprentissage;Bac+5;1;1;0;1;"";Activités des sièges sociaux;2026-05-01;6;"";https://candidat.francetravail.fr/offres/recherche/detail/2205761
7155936;ASSISTANT MARKETING OPERATIONNEL (ALTERNANCE) H/F;SECOURS ISLAMIQUE FRANCE (SIF);Entreprise;Assistant / Assistante marketing;91 - Massy;Île-de-France;Contrat apprentissage;Bac+5;1;0;0;1;"";"";2026-09-24;5;"";https://candidat.francetravail.fr/offres/recherche/detail/7155936
214FRHK;Alternance - Chargé de projet communication (H/F);COMPAGNIE DE SAINT-GOBAIN;Entreprise;Chargé / Chargée de communication;92 - Courbevoie;Île-de-France;Contrat apprentissage;Bac+5;1;0;0;0;Mensuel de 1700.0 Euros;Activités des sièges sociaux;2026-09-22;5;"";https://candidat.francetravail.fr/offres/recherche/detail/214FRHK
7103165;NORAUTO - Chargé / Chargée de communication interne (H/F);NORAUTO;Entreprise;Chargé / Chargée de communication;59 - Villeneuve-d'Ascq;Autres régions;Cont. professionnalisation;Bac+5;1;0;0;0;"";Commerce de détail d'équipements automobiles;2026-09-22;5;"";https://candidat.francetravail.fr/offres/recherche/detail/7103165
214GPMB;Alternant(e) Marketing Digital & Communication - H/F (H/F);CHOKA BLEU;Entreprise;Chargé / Chargée de marketing digital;974 - Saint-Paul;Autres régions;Contrat apprentissage;Bac+5;1;0;0;0;"";Restauration traditionnelle;2026-09-22;5;"";https://candidat.francetravail.fr/offres/recherche/detail/214GPMB
7100607;Assist. Chargé(e) campagnes markt digital - Altern (H/F);CCM Performance;Entreprise;Assistant / Assistante marketing;75 - Paris 9e Arrondissement;Île-de-France;Contrat apprentissage;Bac+5;1;0;0;0;"";Conseil pour les affaires et autres conseils de gestion;2026-09-22;5;"";https://candidat.francetravail.fr/offres/recherche/detail/7100607
214FBGD;APPRENTI(E) CHARGE (E) DE COMMUNICATION (H/F);SOCIETE D'APPLICATIONS DES TECHNIQUES D';Entreprise;Chargé / Chargée de communication;76 - GRAND-COURONNE;Autres régions;Contrat apprentissage;Bac+5;1;0;0;0;Mensuel de 800.0 Euros à 1500.0 Euros;Travaux d'installation d'équipements thermiques et de climatisation;2026-09-21;5;"";https://candidat.francetravail.fr/offres/recherche/detail/214FBGD
214DRZT;ALTERNANT Community manager (H/F);PLOMB ADDICT;Entreprise;Community manager;40 - JOSSE;Autres régions;Contrat apprentissage;Bac+5;1;0;0;0;"";Travaux d'installation d'eau et de gaz en tous locaux;2026-09-21;5;"";https://candidat.francetravail.fr/offres/recherche/detail/214DRZT
7006676;Chargé de projets Marketing & Digital H/F;Groupe Merling;Entreprise;Responsable marketing;17 - Périgny;Autres régions;Contrat apprentissage;Bac+5;1;1;0;0;Mensuel de 1900.0 Euros;"";2026-09-18;5;"";https://candidat.francetravail.fr/offres/recherche/detail/7006676
213ZZZN;Chargé de communication H/F (Alternance - Septembre 2026) (H/F);SALIS;Entreprise;Chargé / Chargée de communication;91 - MORANGIS;Île-de-France;Contrat apprentissage;Bac+5;1;1;0;0;Mensuel de 830.0 Euros à 1870.0 Euros - Selon profil et expérience;Commerce de détail de fruits et légumes en magasin spécialisé;2026-09-17;5;"";https://candidat.francetravail.fr/offres/recherche/detail/213ZZZN
6964156;Alternance Assistant Communication et Marketing (H/F);WONVEN PARTNERS;Entreprise;Assistant / Assistante marketing;77 - Fontainebleau;Île-de-France;Contrat apprentissage;Bac+5;1;0;1;0;"";"";2026-09-17;5;"";https://candidat.francetravail.fr/offres/recherche/detail/6964156
213ZZQN;Alternant Assistant Chef de produits International (H/F);INNOTHERA CORPORATE SERVICES;Entreprise;Assistant / Assistante marketing;94 - ARCUEIL;Île-de-France;Contrat apprentissage;Bac+5;1;0;1;0;"";Activités des sièges sociaux;2026-09-17;5;"";https://candidat.francetravail.fr/offres/recherche/detail/213ZZQN
213WLJV;Offre d'alternance - Community Manager (H/F);CORREZE NETTOYAGE;Entreprise;Community manager;19 - ST CYR LA ROCHE;Autres régions;Contrat apprentissage;Bac+5;1;0;0;0;"";Autres activités de nettoyage des bâtiments et nettoyage industriel;2026-09-15;5;"";https://candidat.francetravail.fr/offres/recherche/detail/213WLJV
213VPDG;Alternant(e) Marketing & Communication Digital H/F (H/F);RENAULT-DACIA;Entreprise;Chargé / Chargée de marketing digital;39 - LONS LE SAUNIER;Autres régions;Contrat apprentissage;Bac+5;1;0;0;0;"";Commerce de voitures et de véhicules automobiles légers;2026-09-14;5;"";https://candidat.francetravail.fr/offres/recherche/detail/213VPDG
213SQQL;Alternant/e Communication & Brand Content (H/F);VILAC SA;Entreprise;Chargé / Chargée de communication;39 - MOIRANS-EN-MONTAGNE;Autres régions;Contrat apprentissage;Bac+5;1;0;0;0;"";Fabrication de jeux et jouets;2026-09-11;5;"";https://candidat.francetravail.fr/offres/recherche/detail/213SQQL
213TLCH;Chargé(e) de communication digitale en alternance (H/F);VRV;Entreprise;Chargé / Chargée de communication;57 - VERNY;Autres régions;Cont. professionnalisation;Bac+5;1;0;0;0;"";Services d'aménagement paysager;2026-09-11;5;"";https://candidat.francetravail.fr/offres/recherche/detail/213TLCH
6796509;Chargé / Chargée de projet marketing (11849) (H/F);Fuchs lubrifiant France;Entreprise;Responsable marketing;92 - Nanterre;Île-de-France;Contrat apprentissage;Bac+5;1;0;0;0;"";Raffinage du pétrole;2026-09-10;5;"";https://candidat.francetravail.fr/offres/recherche/detail/6796509
213RBZC;ALTERNANCE - BAC+2 - Assistant ou Assistante (H/F);SNCF GARE DE ST DENIS STADE DE FRANCE;Entreprise;Chargé / Chargée de communication;93 - Seine-Saint-Denis;Île-de-France;Contrat apprentissage;Bac+5;1;0;0;1;"";Transport ferroviaire interurbain de voyageurs;2026-09-10;5;"";https://candidat.francetravail.fr/offres/recherche/detail/213RBZC
6772367;Alternant-e Marketing Digital (H/F);L'Union;Entreprise;Chargé / Chargée d'études commerciales;51 - Reims;Autres régions;Cont. professionnalisation;Bac+5;1;1;0;0;Annuel de 22000.0 Euros à 25000.0 Euros - titres restaurant, participation ;Édition de journaux;2026-09-09;5;"";https://candidat.francetravail.fr/offres/recherche/detail/6772367
213PZDC;Alternant(e) Assistant(e) Chef de Produits Marketing (H/F);CRYSTAL;Entreprise;Responsable marketing;92 - Colombes;Île-de-France;Contrat apprentissage;Bac+5;1;0;0;1;Mensuel de 800.0 Euros à 1200.0 Euros;Préparation industrielle de produits à base de viande;2026-09-09;5;"";https://candidat.francetravail.fr/offres/recherche/detail/213PZDC
213PTMC;#FORUMMOUGINS2026 Administrateur / Modérateur de communauté (H/F);STAND TANCO & CO;Entreprise;Community manager;06 - MOUGINS;Autres régions;Contrat apprentissage;Bac+5;1;0;0;1;"";Programmation informatique;2026-09-09;5;"";https://candidat.francetravail.fr/offres/recherche/detail/213PTMC
213PBJL;Alternance - Assistant(e) Marketing & Communication Digitale (H/F);CUISINE TRADITIONNELLE COLLECTIVITES;Entreprise;Assistant / Assistante marketing;13 - Gardanne;Autres régions;Contrat apprentissage;Bac+5;1;0;0;0;Mensuel de 506.0 Euros à 1000.0 Euros;Autres services de restauration n.c.a.;2026-09-08;5;"";https://candidat.francetravail.fr/offres/recherche/detail/213PBJL
213NVYG;Chargé(e) de Communication et marketing en alternance (H/F);BEFORMA;Entreprise;Chargé / Chargée de communication;974 - Saint-Pierre;Autres régions;Contrat apprentissage;Bac+5;1;0;0;0;"";Formation continue d'adultes;2026-09-08;5;"";https://candidat.francetravail.fr/offres/recherche/detail/213NVYG
6697462;Alternance - Assistant.e partenariats et mécénat F/H - Amnesty International France;Amnesty International France;Entreprise;Responsable marketing;75 - Paris 19e Arrondissement;Île-de-France;Cont. professionnalisation;Bac+5;1;0;1;0;"";Autres organisations fonctionnant par adhésion volontaire;2026-09-07;5;"";https://candidat.francetravail.fr/offres/recherche/detail/6697462
6697325;Alternance - Assistant(e) Marketing et Communication (H/F) - Digital4Better;Digital4Better;Entreprise;Directeur / Directrice marketing digital;44 - Nantes;Autres régions;Cont. professionnalisation;Bac+5;1;0;0;0;"";Programmation informatique;2026-09-07;5;"";https://candidat.francetravail.fr/offres/recherche/detail/6697325
6672942;E.Leclerc - Alternant(e) assistant(e) chef de produits H/F - H/F;SIPLEC Services centraux;Entreprise;Chef / Cheffe de produit;94 - Ivry-sur-Seine;Île-de-France;Contrat apprentissage;Bac+5;1;1;1;1;"";"";2026-09-05;5;"";https://candidat.francetravail.fr/offres/recherche/detail/6672942
6673117;ALTERNANCE ASSISTANT CHEF DE PRODUIT PROBIOLOG - H/F;MAYOLY;Entreprise;Directeur / Directrice du marketing;92 - Rueil-Malmaison;Île-de-France;Contrat apprentissage;Bac+5;1;0;0;0;"";Fabrication de préparations pharmaceutiques;2026-09-05;5;"";https://candidat.francetravail.fr/offres/recherche/detail/6673117
6637613;ASSISTANT MARKETING INNOVATION - Stage (H/F);Savencia SA;Entreprise;Assistant / Assistante marketing;35 - Châteaubourg;Autres régions;Contrat apprentissage;Bac+5;1;0;0;0;Mensuel de 1174.0 Euros à 1174.0 Euros;Fabrication d'autres produits laitiers;2026-09-05;5;"";https://candidat.francetravail.fr/offres/recherche/detail/6637613
6588419;ALTERNANCE - CHARGÉ DE COMMUNICATION ET MARKETING - H/F;Hexanet;Entreprise;Chargé / Chargée de communication;51 - Reims;Autres régions;Contrat apprentissage;Bac+5;1;0;0;0;"";Télécommunications filaires;2026-09-03;5;"";https://candidat.francetravail.fr/offres/recherche/detail/6588419
213JGNT;Alternant.e en communication (H/F);BLG;Entreprise;Chargé / Chargée de communication;60 - COMPIEGNE;Autres régions;Contrat apprentissage;Bac+5;1;0;1;1;Mensuel de 950.0 Euros à 1700.0 Euros;Édition de logiciels applicatifs;2026-09-03;5;"";https://candidat.francetravail.fr/offres/recherche/detail/213JGNT
6506919;Chargé(e) de support communication et marketing en alternance. (H/F);SOGITEC;Entreprise;Assistant / Assistante marketing;92 - Suresnes;Île-de-France;Contrat apprentissage;Bac+5;1;0;0;0;"";"";2026-09-02;5;"";https://candidat.francetravail.fr/offres/recherche/detail/6506919
6533030;Community Manager F/H - DESSANGE Paris 01 - rue du chevalier Saint Georges;DESSANGE Paris 01 - rue du chevalier Saint Georges;Entreprise;Community manager;75 - Paris 1er Arrondissement;Île-de-France;Cont. professionnalisation;Bac+5;1;0;0;0;"";Coiffure;2026-09-02;5;"";https://candidat.francetravail.fr/offres/recherche/detail/6533030
6531629;Alternance - Assistant chargé de marketing direct (H/F);Médecins sans Frontières France;Entreprise;Responsable marketing;75 - Paris;Île-de-France;Contrat apprentissage;Bac+5;1;0;1;0;"";"";2026-09-02;5;"";https://candidat.francetravail.fr/offres/recherche/detail/6531629
6531320;E.Leclerc - ALTERNANCE COMMUNICATION - H/F;GRIMEN SA;Entreprise;Chargé / Chargée de communication;46 - Saint-Laurent-les-Tours;Autres régions;Contrat apprentissage;Bac+5;1;1;0;0;"";"";2026-09-02;5;"";https://candidat.francetravail.fr/offres/recherche/detail/6531320
6499286;APPRENTISSAGE - Vidéaste / Motion designer en alternance F/H - Numih France;Numih France;Entreprise;Chargé / Chargée de communication;59 - Lille;Autres régions;Cont. professionnalisation;Bac+5;1;0;0;1;"";Administration publique générale;2026-09-01;5;"";https://candidat.francetravail.fr/offres/recherche/detail/6499286
6499311;APPRENTISSAGE - Vidéaste / Motion designer en alternance F/H - Numih France;Numih France;Entreprise;Chargé / Chargée de communication;31 - Toulouse;Autres régions;Cont. professionnalisation;Bac+5;1;0;0;0;"";Administration publique générale;2026-09-01;5;"";https://candidat.francetravail.fr/offres/recherche/detail/6499311
6445043;Webmaster animateur / Webmaster animatrice (H/F);ARGFG;Entreprise;Community manager;34 - Montpellier;Autres régions;Contrat apprentissage;Bac+5;1;0;0;0;"";"";2026-08-31;5;"";https://candidat.francetravail.fr/offres/recherche/detail/6445043
213CKSQ;ALTERNANCE - Bac+4/5 - Communication (H/F);SNCF GARE DE ST DENIS STADE DE FRANCE;Entreprise;Chargé / Chargée des relations publiques;93 - Seine-Saint-Denis;Île-de-France;Contrat apprentissage;Bac+5;0;0;0;0;"";Transport ferroviaire interurbain de voyageurs;2026-08-29;5;Hors de nos parcours;https://candidat.francetravail.fr/offres/recherche/detail/213CKSQ
213CFMN;Community Management & Social Média (H/F);CRYSTAL;Entreprise;Social media manager - Responsable des médias sociaux;92 - Colombes;Île-de-France;Contrat apprentissage;Bac+5;1;0;0;0;Mensuel de 510.0 Euros à 1500.0 Euros sur 12 mois;Préparation industrielle de produits à base de viande;2026-08-28;5;"";https://candidat.francetravail.fr/offres/recherche/detail/213CFMN
6352621;Alternance Growth Marketing F/H - Synergie Family PACA;Synergie Family PACA;Entreprise;Chargé / Chargée de communication;13 - Marseille 14e Arrondissement;Autres régions;Cont. professionnalisation;Bac+5;1;0;0;0;"";Autres organisations fonctionnant par adhésion volontaire;2026-08-27;5;"";https://candidat.francetravail.fr/offres/recherche/detail/6352621
6352617;Alternance Communication & Social Média F/H - Synergie Family RUN;Synergie Family RUN;Entreprise;Chargé / Chargée de communication;974 - Saint-Leu;Autres régions;Cont. professionnalisation;Bac+5;1;0;0;0;"";Autres organisations fonctionnant par adhésion volontaire;2026-08-27;5;"";https://candidat.francetravail.fr/offres/recherche/detail/6352617
6315041;ALTERNANCE - CHARGÉ(E) DE COORDINATION VENTES & ACTIVITÉS OFFSHORE - H/F;CLS;Entreprise;Chargé / Chargée d'études commerciales;31 - Ramonville-Saint-Agne;Autres régions;Contrat apprentissage;Bac+5;1;0;1;0;"";Ingénierie,études techniques;2026-08-26;5;"";https://candidat.francetravail.fr/offres/recherche/detail/6315041
6114422;Alternance - Assistant événementiel (H/F);Ligue contre le Cancer;Entreprise;Chef / Cheffe de projet événementiel;75 - Paris;Île-de-France;Contrat apprentissage;Bac+5;0;0;0;0;"";"";2026-08-19;5;Hors de nos parcours;https://candidat.francetravail.fr/offres/recherche/detail/6114422
212QXGL;Chargé / Chargée marketing digital (H/F);ASTEELFLASH EUROPE;Entreprise;Chargé / Chargée de marketing digital;92 - Saint-Cloud;Île-de-France;Contrat apprentissage;Bac+5;1;0;1;0;"";Fabrication de cartes électroniques assemblées;2026-08-19;5;"";https://candidat.francetravail.fr/offres/recherche/detail/212QXGL
212JZQC;Assistant(e) marketing en alternance H/F (H/F);MATERNA OPERATIONS;Entreprise;Assistant / Assistante marketing;60 - COMPIEGNE;Autres régions;Contrat apprentissage;Bac+5;1;0;0;0;Mensuel de 800.0 Euros à 1862.0 Euros sur 12.0 mois;Commerce de gros (commerce interentreprises) de fruits et légumes;2026-08-12;5;"";https://candidat.francetravail.fr/offres/recherche/detail/212JZQC
5939825;Alternance - Chargé(e) de Communication & Marketing Digital H/F - HMarket;HMarket;Entreprise;Responsable marketing;95 - Gonesse;Île-de-France;Cont. professionnalisation;Bac+5;1;1;0;0;"";Commerce de détail de fruits et légumes en magasin spécialisé;2026-08-12;5;"";https://candidat.francetravail.fr/offres/recherche/detail/5939825
5791841;Alternant Chef de Produit Marketing Stratégique F/H - HTL Biotechnology;HTL Biotechnology;Entreprise;Chef / Cheffe de produit;75 - Paris 18e Arrondissement;Île-de-France;Cont. professionnalisation;Bac+5;1;0;0;0;"";Fabrication de matières plastiques de base;2026-08-06;5;"";https://candidat.francetravail.fr/offres/recherche/detail/5791841
5791515;ALTERNANT(E) ASSISTANT(E) BRAND & COMMUNICATION 360° - H/F;BALIBARIS;Entreprise;Chargé / Chargée des relations publiques;75 - Paris 6e Arrondissement;Île-de-France;Contrat apprentissage;Bac+5;1;1;0;0;"";Commerce de détail d'habillement en magasin spécialisé;2026-08-06;5;"";https://candidat.francetravail.fr/offres/recherche/detail/5791515
5787385;ALTERNANCE - Chargé de coordination dans les services à la personne (H/F);Petits-fils;Entreprise;Chargé / Chargée de relation client;41 - Blois;Autres régions;Contrat apprentissage;Bac+5;0;1;0;0;"";"";2026-08-06;5;"";https://candidat.francetravail.fr/offres/recherche/detail/5787385
5788029;Alternance - Community Manager (H/F);Ligue contre le Cancer;Entreprise;Community manager;75 - Paris;Île-de-France;Contrat apprentissage;Bac+5;1;0;0;0;Mensuel de 1867.02 Euros à 1867.02 Euros;"";2026-08-06;5;"";https://candidat.francetravail.fr/offres/recherche/detail/5788029
5718081;Chargé / Chargée de communication digitale (H/F);BAT RECORDS PRODUCTION;Entreprise;Chargé / Chargée de communication;63 - Clermont-Ferrand;Puy-de-Dôme;Contrat apprentissage;Non précisé;1;0;0;0;"";"";2026-08-05;5;"";https://candidat.francetravail.fr/offres/recherche/detail/5718081
5493598;Fondation Hopale - Chargé / Chargée de mission marketing (H/F);Fondation Hopale;Entreprise;Responsable marketing;62 - Berck;Autres régions;Cont. professionnalisation;Bac+5;1;0;0;0;"";Activités hospitalières;2026-07-27;5;"";https://candidat.francetravail.fr/offres/recherche/detail/5493598
211SBGM;Chargé.e de communication en alternance (H/F);TALENT SELECTION;Entreprise;Chargé / Chargée de communication;53 - ST BERTHEVIN;Autres régions;Contrat apprentissage;Bac+5;1;0;0;0;Mensuel de 2080.39 Euros à 2081.0 Euros;Conseil pour les affaires et autres conseils de gestion;2026-07-27;5;"";https://candidat.francetravail.fr/offres/recherche/detail/211SBGM
4735191;Analyste pricing (H/F);NEXTGEN RH;Entreprise;Chargé / Chargée d'études commerciales;75 - Paris 9e Arrondissement;Île-de-France;Contrat apprentissage;Bac+5;1;0;0;1;Annuel de 13344.0 Euros à 22404.0 Euros;"";2026-07-09;5;"";https://candidat.francetravail.fr/offres/recherche/detail/4735191
4732649;Spécialiste en marketing digital (H/F);LECLERC VOYAGES;Entreprise;Directeur / Directrice marketing digital;95 - Franconville;Île-de-France;Contrat apprentissage;Bac+5;1;1;0;0;"";"";2026-07-09;5;"";https://candidat.francetravail.fr/offres/recherche/detail/4732649
4596151;E.Leclerc - Assistant Communication en alternance - H/F;SODISFAL;Entreprise;Chargé / Chargée de communication;14 - Falaise;Autres régions;Contrat apprentissage;Bac+5;1;1;0;0;"";"";2026-07-06;5;"";https://candidat.francetravail.fr/offres/recherche/detail/4596151
2944465;Alternant(e) web marketing F/H - Catana Group;Catana Group;Entreprise;Chargé / Chargée de communication;11 - Belcaire;Autres régions;Cont. professionnalisation;Bac+5;1;0;0;0;"";Activités des sociétés holding;2026-05-22;5;"";https://candidat.francetravail.fr/offres/recherche/detail/2944465
2294629;Apprenti.e Marketing Veille Concurrentielle Internationale F/H - Raja France;Raja France;Entreprise;Assistant / Assistante marketing;93 - Tremblay-en-France;Île-de-France;Cont. professionnalisation;Bac+5;1;0;1;0;"";Commerce de gros (commerce interentreprises) de produits pharmaceutiques;2026-05-05;5;"";https://candidat.francetravail.fr/offres/recherche/detail/2294629
214DHVQ;Apprenti(e) communication (H/F);LE JOVIA;Entreprise;Chargé / Chargée des relations publiques;74 - ANNECY;Auvergne-Rhône-Alpes;Contrat apprentissage;Non précisé;0;0;0;0;"";Restauration de type rapide;2026-09-21;4;Hors de nos parcours;https://candidat.francetravail.fr/offres/recherche/detail/214DHVQ
6943864;Conseiller de vente (H/F);Entreprise non communiquée;Anonyme;Chargé / Chargée de relation client;69 - Vindry-sur-Turdine;Auvergne-Rhône-Alpes;Contrat apprentissage;Bac+5;0;1;0;0;Mensuel de 486.0 Euros;"";2026-09-17;4;Poste de premier niveau;https://candidat.francetravail.fr/offres/recherche/detail/6943864
213VQHD;Chargé de communication et commerce (H/F);Woody's;Entreprise;Chargé / Chargée de communication;69 - VAULX EN VELIN;Auvergne-Rhône-Alpes;Contrat apprentissage;Non précisé;1;0;0;0;"";Restauration de type rapide;2026-09-14;4;"";https://candidat.francetravail.fr/offres/recherche/detail/213VQHD
213VVGG;Alternance - Chargé(e) E-commerce & Acquisition Digitale (H/F);AMEUBLEMENT SAINT VINCENT CINNA;Entreprise;Responsable e-commerce;69 - LYON;Auvergne-Rhône-Alpes;Contrat apprentissage;Non précisé;1;1;0;0;"";Commerce de détail de meubles;2026-09-14;4;"";https://candidat.francetravail.fr/offres/recherche/detail/213VVGG
6782064;Assistant / Assistante de communication (H/F);GEOFFREY JANIER DUBRY;Entreprise;Chargé / Chargée des relations publiques;69 - Saint-Genis-Laval;Auvergne-Rhône-Alpes;Contrat apprentissage;Non précisé;0;0;0;0;"";"";2026-09-10;4;Hors de nos parcours;https://candidat.francetravail.fr/offres/recherche/detail/6782064
213KDPY;Manager d'Établissement Marchand en Alternance (TP MEM) (H/F);PASSIONPROS;Entreprise;Chargé / Chargée de merchandising;69 - Vénissieux;Auvergne-Rhône-Alpes;Contrat apprentissage;Bac+2/3;0;1;0;0;"";Formation continue d'adultes;2026-09-04;4;Vise un Bac+2/3;https://candidat.francetravail.fr/offres/recherche/detail/213KDPY
6539958;Assistant / Assistante community manager (H/F);MISSION LOCALE JEUNES ST ETIENNE;Entreprise;Community manager;42 - Saint-Étienne;Auvergne-Rhône-Alpes;Contrat apprentissage;Non précisé;1;0;0;0;"";"";2026-09-03;4;"";https://candidat.francetravail.fr/offres/recherche/detail/6539958
6508220;Animateur / Animatrice de communauté virtuelle (H/F);VITTORIA;Entreprise;Community manager;69 - Corbas;Auvergne-Rhône-Alpes;Contrat apprentissage;Non précisé;1;0;0;0;"";"";2026-09-02;4;"";https://candidat.francetravail.fr/offres/recherche/detail/6508220
6478444;Chargé / Chargée de communication digitale (H/F);IMPACT ENR;Entreprise;Chargé / Chargée de communication;38 - Grenay;Auvergne-Rhône-Alpes;Contrat apprentissage;Non précisé;1;0;0;0;"";"";2026-09-01;4;"";https://candidat.francetravail.fr/offres/recherche/detail/6478444
6444969;Chargé / Chargée de communication digitale (H/F);UNION CHRETIENNE DE JEUNES GENS;Entreprise;Chargé / Chargée de communication;69 - Villeurbanne;Auvergne-Rhône-Alpes;Contrat apprentissage;Non précisé;1;0;0;0;"";"";2026-08-31;4;"";https://candidat.francetravail.fr/offres/recherche/detail/6444969
6444993;Gestionnaire de communauté en ligne (H/F);IRISH PUB DAD;Entreprise;Community manager;74 - Annecy;Auvergne-Rhône-Alpes;Contrat apprentissage;Non précisé;1;0;0;0;"";"";2026-08-31;4;"";https://candidat.francetravail.fr/offres/recherche/detail/6444993
6444943;Chargé / Chargée de communication digitale (H/F);TIVOLY;Entreprise;Chargé / Chargée de communication;73 - Albertville;Auvergne-Rhône-Alpes;Contrat apprentissage;Non précisé;1;0;0;0;"";"";2026-08-31;4;"";https://candidat.francetravail.fr/offres/recherche/detail/6444943
6445051;Animateur / Animatrice de communauté virtuelle (H/F);INSTITUT NATIONAL DE RECHERCHE EN INFORM;Entreprise;Community manager;38 - Montbonnot-Saint-Martin;Auvergne-Rhône-Alpes;Contrat apprentissage;Non précisé;1;0;0;0;"";"";2026-08-31;4;"";https://candidat.francetravail.fr/offres/recherche/detail/6445051
6084790;ALTERNANT COMMUNICATION ET CREATION DE CONTENUS - H/F;COMPAGNIE DES ALPES;Entreprise;Chargé / Chargée des relations publiques;73 - Belleville;Auvergne-Rhône-Alpes;Contrat apprentissage;Bac+2/3;1;0;0;0;"";Activités des sièges sociaux;2026-08-18;4;Vise un Bac+2/3;https://candidat.francetravail.fr/offres/recherche/detail/6084790
5718082;Chargé / Chargée de communication digitale (H/F);FROMAGERIE U.H.M.B;Entreprise;Chargé / Chargée de communication;74 - Houches;Auvergne-Rhône-Alpes;Contrat apprentissage;Non précisé;1;0;0;0;"";"";2026-08-05;4;"";https://candidat.francetravail.fr/offres/recherche/detail/5718082
5718443;Web marketer (H/F);TEMMOS HOTELS;Entreprise;Chargé / Chargée de marketing digital;74 - Chamonix-Mont-Blanc;Auvergne-Rhône-Alpes;Contrat apprentissage;Non précisé;1;0;0;0;"";"";2026-08-05;4;"";https://candidat.francetravail.fr/offres/recherche/detail/5718443
5227558;Chargé / Chargée de communication web (H/F);COQUARD PERE ET FILS;Entreprise;Chargé / Chargée de communication;69 - Amplepuis;Auvergne-Rhône-Alpes;Contrat apprentissage;Non précisé;1;0;0;0;"";"";2026-07-22;4;"";https://candidat.francetravail.fr/offres/recherche/detail/5227558
4296593;Chargé / Chargée de communication digitale (H/F);STE EXPLOIT AEROPORT CHAMBERY AIX;Entreprise;Chargé / Chargée de communication;73 - Viviers-du-Lac;Auvergne-Rhône-Alpes;Contrat apprentissage;Non précisé;1;0;0;0;"";"";2026-06-27;4;"";https://candidat.francetravail.fr/offres/recherche/detail/4296593
4296550;Chargé / Chargée de communication digitale (H/F);UNION SPORTIVE DE BELLEGARDE COUPY;Entreprise;Chargé / Chargée de communication;01 - Valserhône;Auvergne-Rhône-Alpes;Contrat apprentissage;Non précisé;1;0;0;0;"";"";2026-06-27;4;"";https://candidat.francetravail.fr/offres/recherche/detail/4296550
4298904;Adjoint / Adjointe à la direction marketing (H/F);BLUE CORAL;Entreprise;Assistant / Assistante marketing;01 - Saint-Vulbas;Auvergne-Rhône-Alpes;Contrat apprentissage;Non précisé;1;0;0;0;"";"";2026-06-27;4;"";https://candidat.francetravail.fr/offres/recherche/detail/4298904
4296245;Chargé / Chargée de communication digitale (H/F);CR DISTRIBUTION;Entreprise;Chargé / Chargée de communication;38 - Bourgoin-Jallieu;Auvergne-Rhône-Alpes;Contrat apprentissage;Non précisé;1;0;0;0;"";"";2026-06-27;4;"";https://candidat.francetravail.fr/offres/recherche/detail/4296245
4296339;Chargé / Chargée de communication digitale (H/F);SODIMAR;Entreprise;Chargé / Chargée de communication;69 - Messimy;Auvergne-Rhône-Alpes;Contrat apprentissage;Non précisé;1;0;0;0;"";"";2026-06-27;4;"";https://candidat.francetravail.fr/offres/recherche/detail/4296339
4298669;Chargé / Chargée de projet marketing (H/F);E.S.C.I.L.-SOCIETE D'EQUIPEMENT SCIENTIF;Entreprise;Responsable marketing;69 - Chassieu;Auvergne-Rhône-Alpes;Contrat apprentissage;Non précisé;1;0;0;0;"";"";2026-06-27;4;"";https://candidat.francetravail.fr/offres/recherche/detail/4298669
207PCPJ;ALTERNANT Assistant Communication H/F;GOODYEAR DUNLOP FRANCE;Entreprise;Chargé / Chargée des relations publiques;03 - MONTLUCON;Auvergne-Rhône-Alpes;Contrat apprentissage;Bac+2/3;0;0;0;0;"";Fabrication et rechapage de pneumatiques;2026-04-28;4;Vise un Bac+2/3;https://candidat.francetravail.fr/offres/recherche/detail/207PCPJ
7153982;Assistant / Assistante de communication (H/F);UCPA SPORT VACANCES;Entreprise;Chargé / Chargée des relations publiques;33 - Bordeaux;Autres régions;Contrat apprentissage;Non précisé;0;0;0;0;"";"";2026-09-24;3;Hors de nos parcours;https://candidat.francetravail.fr/offres/recherche/detail/7153982
7136534;Alternant(e) Marketing et Communication Bac+4/5 - Produits Digitaux H/F;Entreprise non communiquée;Anonyme;Directeur / Directrice marketing digital;94 - Saint-Maurice;Île-de-France;Cont. professionnalisation;Bac+5;1;0;0;0;"";"";2026-09-23;3;"";https://candidat.francetravail.fr/offres/recherche/detail/7136534
7132286;Alternance Chargé(e) de marketing digital - Ayse (H/F);ISCOD;École / CFA;Directeur / Directrice marketing digital;74 - Vougy;Auvergne-Rhône-Alpes;Contrat apprentissage;Bac+5;1;0;0;0;"";"";2026-09-23;3;Publiée par une école ou un CFA;https://candidat.francetravail.fr/offres/recherche/detail/7132286
214HCSR;Alternant / Stagiaire Communication et Infographiste (H/F);POLE HABITAT COLMAR CENTRE ALSACE;Entreprise;Chargé / Chargée de communication;68 - COLMAR;Autres régions;Contrat apprentissage;Non précisé;1;0;0;0;"";Location de logements;2026-09-23;3;"";https://candidat.francetravail.fr/offres/recherche/detail/214HCSR
7132291;Alternance Chargé(e) de Communication et Webmarketing - Bourg-en-Bresse (H/F);ISCOD;École / CFA;Chargé / Chargée de communication;01 - Bourg-en-Bresse;Auvergne-Rhône-Alpes;Contrat apprentissage;Bac+5;1;0;0;0;"";"";2026-09-23;3;Publiée par une école ou un CFA;https://candidat.francetravail.fr/offres/recherche/detail/7132291
214GCHP;Chief digital officer - Responsable de la transformation digitale (H/F);CAFARD KILLER;Entreprise;Chief digital officer - Responsable de la transformation digitale;31 - TOULOUSE;Autres régions;Cont. professionnalisation;Non précisé;1;0;0;0;Mensuel de 1900.0 Euros;Désinfection, désinsectisation, dératisation;2026-09-22;3;"";https://candidat.francetravail.fr/offres/recherche/detail/214GCHP
7093592;Alternance Chargé de Marketing et Communication - Villeurbanne (H/F);ISCOD;École / CFA;Chargé / Chargée d'études commerciales;69 - Villeurbanne;Auvergne-Rhône-Alpes;Contrat apprentissage;Bac+5;1;0;0;0;"";"";2026-09-22;3;Publiée par une école ou un CFA;https://candidat.francetravail.fr/offres/recherche/detail/7093592
7093796;Alternance Assistant communication - Saint-Égrève (H/F);ISCOD;École / CFA;Chargé / Chargée des relations publiques;38 - Fontanil-Cornillon;Auvergne-Rhône-Alpes;Contrat apprentissage;Bac+5;0;0;0;0;"";"";2026-09-22;3;Publiée par une école ou un CFA;https://candidat.francetravail.fr/offres/recherche/detail/7093796
7103277;Hyper U - Chargé / Chargée de communication (H/F);Hyper U;Entreprise;Chargé / Chargée de communication;44 - Montagne;Autres régions;Cont. professionnalisation;Non précisé;1;0;0;0;"";Centrales d'achat alimentaires;2026-09-22;3;"";https://candidat.francetravail.fr/offres/recherche/detail/7103277
7100665;Assistant Pôle Partenariats/Dev - Stage (H/F);CCM Benchmark;Entreprise;Responsable marketing;75 - Paris 9e Arrondissement;Île-de-France;Contrat apprentissage;Non précisé;1;0;0;0;Annuel de 5000.0 Euros à 10000.0 Euros - CSE, TR;Conseil pour les affaires et autres conseils de gestion;2026-09-22;3;"";https://candidat.francetravail.fr/offres/recherche/detail/7100665
7057067;Alternance commercial et communication (H/F);ESUP VANNES;Entreprise;Chargé / Chargée des relations publiques;56 - Vannes;Autres régions;Cont. professionnalisation;Bac+2/3;0;0;1;0;Annuel de 15000.0 Euros à 35000.0 Euros - salaire de base + primes;Activités des agences de travail temporaire;2026-09-21;3;Vise un Bac+2/3;https://candidat.francetravail.fr/offres/recherche/detail/7057067
7057620;Alternance chargé de communication (H/F) - Lyon (69);ICADEMIE;École / CFA;Chargé / Chargée de communication;69 - Lyon 3e Arrondissement;Auvergne-Rhône-Alpes;Contrat apprentissage;Bac+5;1;0;0;0;Mensuel de 800.0 Euros à 1900.0 Euros;Formation continue d'adultes;2026-09-21;3;Publiée par une école ou un CFA;https://candidat.francetravail.fr/offres/recherche/detail/7057620
214CTPQ;Chargé(e) de développement commercial et communication digitale (H/F);S.R.C.;Entreprise;Chargé / Chargée de marketing digital;France;Autres régions;Contrat apprentissage;Non précisé;1;0;1;0;Mensuel de 1865.0 Euros;Photocopie, préparation de documents et autres activités spécialisées de soutien de bureau;2026-09-19;3;"";https://candidat.francetravail.fr/offres/recherche/detail/214CTPQ
7010875;Assistant / Assistante chef de produit (H/F);Entreprise non communiquée;Anonyme;Chef / Cheffe de produit;92 - Levallois-Perret;Île-de-France;Contrat apprentissage;Bac+5;1;0;0;0;Annuel de 966.0 Euros à 1823.0 Euros;"";2026-09-19;3;"";https://candidat.francetravail.fr/offres/recherche/detail/7010875
214CFDV;Devenez Conseiller service après-vente (H/F);FAURIE AUTO MALEMORT;Entreprise;Chargé / Chargée de relation client;19 - MALEMORT;Autres régions;Cont. professionnalisation;Bac+2/3;0;1;0;0;"";Commerce de voitures et de véhicules automobiles légers;2026-09-18;3;Vise un Bac+2/3;https://candidat.francetravail.fr/offres/recherche/detail/214CFDV
6986711;Alternance Assistant(e) communication - Bourg-en-Bresse (H/F);ISCOD;École / CFA;Chargé / Chargée des relations publiques;01 - Bourg-en-Bresse;Auvergne-Rhône-Alpes;Contrat apprentissage;Bac+5;0;0;0;0;"";"";2026-09-18;3;Publiée par une école ou un CFA;https://candidat.francetravail.fr/offres/recherche/detail/6986711
214BZBJ;Alternant(e) Communication H/F (H/F);AU PARADIS DES CAMPEURS;Entreprise;Chargé / Chargée des relations publiques;83 - ROQUEBRUNE SUR ARGENS;Autres régions;Contrat apprentissage;Non précisé;0;0;0;0;Mensuel de 943.0 Euros;Terrains de camping et parcs pour caravanes ou véhicules de loisirs;2026-09-18;3;Hors de nos parcours;https://candidat.francetravail.fr/offres/recherche/detail/214BZBJ
214BRNX;ASSISTANT/E MARKETING ET COMMERCIAL/E (H/F);GOLDEN PALACE CASINO BSM;Entreprise;Assistant / Assistante marketing;62 - BOULOGNE-SUR-MER;Autres régions;Contrat apprentissage;Non précisé;1;1;1;0;"";Organisation de jeux de hasard et d'argent;2026-09-18;3;"";https://candidat.francetravail.fr/offres/recherche/detail/214BRNX
6944953;Conseiller de vente (H/F);Entreprise non communiquée;Anonyme;Chargé / Chargée de relation client;37 - Savigné-sur-Lathan;Autres régions;Contrat apprentissage;Bac+5;0;1;0;0;Mensuel de 487.0 Euros à 1802.0 Euros;"";2026-09-17;3;Poste de premier niveau;https://candidat.francetravail.fr/offres/recherche/detail/6944953
6943834;Conseiller de vente (H/F);Entreprise non communiquée;Anonyme;Chargé / Chargée de relation client;59 - Haubourdin;Autres régions;Contrat apprentissage;Bac+5;0;1;0;0;Annuel de 486.0 Euros;"";2026-09-17;3;Poste de premier niveau;https://candidat.francetravail.fr/offres/recherche/detail/6943834
6944412;Conseiller de vente (H/F);Entreprise non communiquée;Anonyme;Chargé / Chargée de relation client;59 - Villeneuve-d'Ascq;Autres régions;Contrat apprentissage;Bac+5;0;1;0;0;Annuel de 487.0 Euros à 1806.0 Euros;"";2026-09-17;3;Poste de premier niveau;https://candidat.francetravail.fr/offres/recherche/detail/6944412
6944435;Conseiller de vente (H/F);Entreprise non communiquée;Anonyme;Chargé / Chargée de relation client;14 - Caen;Autres régions;Contrat apprentissage;Bac+5;0;1;0;0;Annuel de 487.0 Euros;"";2026-09-17;3;Poste de premier niveau;https://candidat.francetravail.fr/offres/recherche/detail/6944435
6944460;Conseiller de vente (H/F);Entreprise non communiquée;Anonyme;Chargé / Chargée de relation client;76 - Rouen;Autres régions;Contrat apprentissage;Bac+5;0;1;0;0;Mensuel de 487.0 Euros à 1807.0 Euros;"";2026-09-17;3;Poste de premier niveau;https://candidat.francetravail.fr/offres/recherche/detail/6944460
6944465;Conseiller de vente (H/F);Entreprise non communiquée;Anonyme;Chargé / Chargée de relation client;59 - Baisieux;Autres régions;Contrat apprentissage;Bac+5;0;1;0;0;Mensuel de 487.0 Euros à 1807.0 Euros;"";2026-09-17;3;Poste de premier niveau;https://candidat.francetravail.fr/offres/recherche/detail/6944465
6944476;Conseiller de vente (H/F);Entreprise non communiquée;Anonyme;Chargé / Chargée de relation client;59 - Dunkerque;Autres régions;Contrat apprentissage;Bac+5;0;1;0;0;Annuel de 487.0 Euros à 1807.0 Euros;"";2026-09-17;3;Poste de premier niveau;https://candidat.francetravail.fr/offres/recherche/detail/6944476
6944815;Conseiller de vente (H/F);Entreprise non communiquée;Anonyme;Chargé / Chargée de relation client;62 - Liévin;Autres régions;Contrat apprentissage;Bac+5;0;1;0;0;Mensuel de 486.0 Euros;"";2026-09-17;3;Poste de premier niveau;https://candidat.francetravail.fr/offres/recherche/detail/6944815
213ZTCY;Alternance - Communication digitale & développement commercial (H/F);EXCELLENCE MATHS;Entreprise;Chargé / Chargée des relations publiques;75 - PARIS;Île-de-France;Contrat apprentissage;Non précisé;1;0;1;0;"";Autres enseignements;2026-09-17;3;"";https://candidat.francetravail.fr/offres/recherche/detail/213ZTCY
214BBXY;Assistant(e) d'agence H/F;AZAE BREST;Entreprise;Assistant / Assistante en publicité;29 - Brest;Autres régions;Cont. professionnalisation;Non précisé;1;0;0;0;Annuel de 12321.4 Euros;Aide à domicile;2026-09-17;3;"";https://candidat.francetravail.fr/offres/recherche/detail/214BBXY
213YDVZ;DEVENEZ CONSEILLER SERVICE APRÈS-VENTE (H/F);FAURIE AUTO CHATEAUROUX;Entreprise;Chargé / Chargée de relation client;36 - ST MAUR;Autres régions;Contrat apprentissage;Bac+2/3;0;1;0;0;Mensuel de 1867.02 Euros;Commerce de voitures et de véhicules automobiles légers;2026-09-16;3;Vise un Bac+2/3;https://candidat.francetravail.fr/offres/recherche/detail/213YDVZ
213YCST;Assistant(e) Marketing & Communication #transition écologique (H/F);NANTEUROP FL;Entreprise;Assistant / Assistante marketing;44 - ST JULIEN DE CONCELLES;Autres régions;Contrat apprentissage;Non précisé;1;0;0;0;Horaire de 12.31 Euros;Commerce de gros (commerce interentreprises) de fruits et légumes;2026-09-16;3;"";https://candidat.francetravail.fr/offres/recherche/detail/213YCST
213YNXN;Community Manager (H/F);BLUETAINER;Entreprise;Community manager;66 - PERPIGNAN;Autres régions;Contrat apprentissage;Bac+2/3;1;0;0;0;"";Commerce de gros (commerce interentreprises) non spécialisé;2026-09-16;3;Vise un Bac+2/3;https://candidat.francetravail.fr/offres/recherche/detail/213YNXN
213XJWB;Chargé(e) de communication en alternance H/F;ITINERAIRE EMPLOI;Entreprise;Chargé / Chargée de communication;02 - ST QUENTIN;Autres régions;Contrat apprentissage;Bac+2/3;1;0;0;0;"";Administration publique (tutelle) des activités économiques;2026-09-15;3;Vise un Bac+2/3;https://candidat.francetravail.fr/offres/recherche/detail/213XJWB
6865279;Responsable de la Transformation Numérique H/F;Patapain;Entreprise;Chief digital officer - Responsable de la transformation digitale;18 - Saint-Germain-du-Puy;Autres régions;Cont. professionnalisation;Non précisé;1;0;0;0;Annuel de 45000.0 Euros à 50000.0 Euros;"";2026-09-14;3;"";https://candidat.francetravail.fr/offres/recherche/detail/6865279
6863219;Alternance Assistant(e) communication et community management - Saint-Rambert-d'Albon (H/F);ISCOD;École / CFA;Chargé / Chargée des relations publiques;26 - Andancette;Auvergne-Rhône-Alpes;Contrat apprentissage;Bac+5;1;0;0;0;"";"";2026-09-14;3;Publiée par une école ou un CFA;https://candidat.francetravail.fr/offres/recherche/detail/6863219
6830568;L'Opcommerce - Chef / Cheffe de projet événementiel (H/F);L'Opcommerce;Entreprise;Chef / Cheffe de projet événementiel;971 - Baie-Mahault;Autres régions;Cont. professionnalisation;Bac+2/3;0;0;0;1;"";Autres organisations fonctionnant par adhésion volontaire;2026-09-11;3;Vise un Bac+2/3;https://candidat.francetravail.fr/offres/recherche/detail/6830568
213TCLP;Community manager;L'ATELIER DU PRO;Entreprise;Community manager;30 - ST JULIEN LES ROSIERS;Autres régions;Contrat apprentissage;Bac+2/3;1;0;0;0;"";Commerce de gros (commerce interentreprises) non spécialisé;2026-09-11;3;Vise un Bac+2/3;https://candidat.francetravail.fr/offres/recherche/detail/213TCLP
6782071;Social media manager (H/F);PARISII AGENCY;Entreprise;Social media manager - Responsable des médias sociaux;75 - Paris 1er Arrondissement;Île-de-France;Contrat apprentissage;Non précisé;1;0;0;0;"";"";2026-09-10;3;"";https://candidat.francetravail.fr/offres/recherche/detail/6782071
6782074;Animateur / Animatrice de communauté virtuelle (H/F);NANI 7;Entreprise;Community manager;75 - Paris 19e Arrondissement;Île-de-France;Contrat apprentissage;Non précisé;1;0;0;0;"";"";2026-09-10;3;"";https://candidat.francetravail.fr/offres/recherche/detail/6782074
6782037;Chargé / Chargée de communication interne (H/F);SECRETARIAT GENERAL POUR L ADMINISTRATI;Entreprise;Chargé / Chargée de communication;57 - Metz;Autres régions;Contrat apprentissage;Non précisé;1;0;0;0;"";"";2026-09-10;3;"";https://candidat.francetravail.fr/offres/recherche/detail/6782037
213RMVN;Alternance - Chargé(e) de Marketing & Communication (H/F);JJS DEVELOPPEMENT;Entreprise;Responsable marketing;75 - Paris 20e Arrondissement;Île-de-France;Contrat apprentissage;Non précisé;1;0;0;0;"";Autres activités de soutien aux entreprises n.c.a.;2026-09-10;3;"";https://candidat.francetravail.fr/offres/recherche/detail/213RMVN
6782089;Assistant / Assistante chef de produit (H/F);SAICO;Entreprise;Chef / Cheffe de produit;68 - Wettolsheim;Autres régions;Contrat apprentissage;Non précisé;1;0;0;0;"";"";2026-09-10;3;"";https://candidat.francetravail.fr/offres/recherche/detail/6782089
213SCTJ;Webmarketing (H/F);Entreprise non communiquée;Anonyme;Responsable e-commerce;75 - Paris;Île-de-France;Contrat apprentissage;Bac+5;1;1;1;0;Mensuel de 800.0 Euros à 2500.0 Euros - Cela dépend du niveau d'expérience et de l'âge;Formation continue d'adultes;2026-09-10;3;"";https://candidat.francetravail.fr/offres/recherche/detail/213SCTJ
6782061;Assistant / Assistante community manager (H/F);ITIC PARIS;Entreprise;Community manager;75 - Paris 18e Arrondissement;Île-de-France;Contrat apprentissage;Non précisé;1;0;0;0;"";"";2026-09-10;3;"";https://candidat.francetravail.fr/offres/recherche/detail/6782061
213SDWT;Alternant Développeur de marque et commercialisation H/F;ENCORE (ENVIRONNEMENT COTENTIN RECYCLAGE;Entreprise;Responsable marketing;50 - ST SAUVEUR VILLAGES;Autres régions;Contrat apprentissage;Non précisé;1;0;1;0;"";Récupération de déchets triés;2026-09-10;3;"";https://candidat.francetravail.fr/offres/recherche/detail/213SDWT
6749264;Chargé / Chargée de communication interne (H/F);SCRIBO LUCEM;Entreprise;Chargé / Chargée de communication;31 - Toulouse;Autres régions;Contrat apprentissage;Non précisé;1;0;0;0;"";"";2026-09-09;3;"";https://candidat.francetravail.fr/offres/recherche/detail/6749264
213PTYT;#FORUMMOUGINS2026 Chargé de marketing digital (H/F);STAND TANCO & CO;Entreprise;Chargé / Chargée de marketing digital;06 - MOUGINS;Autres régions;Contrat apprentissage;Non précisé;1;0;0;0;"";Programmation informatique;2026-09-09;3;"";https://candidat.francetravail.fr/offres/recherche/detail/213PTYT
6749253;Assistant / Assistante community manager (H/F);ESID;Entreprise;Community manager;83 - Fréjus;Autres régions;Contrat apprentissage;Non précisé;1;0;0;0;"";"";2026-09-09;3;"";https://candidat.francetravail.fr/offres/recherche/detail/6749253
213PTQP;#FORUMMOUGINS2026 Community Manager (H/F);STAND TANCO & CO;Entreprise;Community manager;06 - MOUGINS;Autres régions;Contrat apprentissage;Non précisé;1;0;0;0;"";Programmation informatique;2026-09-09;3;"";https://candidat.francetravail.fr/offres/recherche/detail/213PTQP
213PVFY;#FORUMMOUGINS2026 E-commerce Manager junior (H/F);STAND TANCO & CO;Entreprise;Responsable e-commerce;06 - MOUGINS;Autres régions;Contrat apprentissage;Non précisé;0;1;0;0;"";Programmation informatique;2026-09-09;3;"";https://candidat.francetravail.fr/offres/recherche/detail/213PVFY
213QMLL;APPRENTI CHARGÉ DE COMMUNICATION (H/F);MAESTRIA RECRUTEMENTS;Entreprise;Chargé / Chargée de communication;976 - Koungou;Autres régions;Contrat apprentissage;Non précisé;1;0;0;0;Mensuel de 506.0 Euros à 507.0 Euros;Activités des agences de placement de main-d'œuvre;2026-09-09;3;"";https://candidat.francetravail.fr/offres/recherche/detail/213QMLL
6775212;Assistant(e) communication digital H/F - GMBA Walter Allinial;GMBA Walter Allinial;Entreprise;Chargé / Chargée des relations publiques;75 - Paris 8e Arrondissement;Île-de-France;Cont. professionnalisation;Bac+2/3;1;0;0;0;"";Activités comptables;2026-09-09;3;Vise un Bac+2/3;https://candidat.francetravail.fr/offres/recherche/detail/6775212
6707431;Chargé / Chargée d'acquisition online (H/F);MARBLE  I;Entreprise;Chargé / Chargée de marketing digital;75 - Paris 11e Arrondissement;Île-de-France;Contrat apprentissage;Non précisé;1;0;0;0;"";"";2026-09-08;3;"";https://candidat.francetravail.fr/offres/recherche/detail/6707431
213NFJS;E-merchandiser (H/F);SIMSEK IBRAHIM;Entreprise;Chargé / Chargée de merchandising;57 - Forbach;Autres régions;Contrat apprentissage;Non précisé;0;1;0;0;"";Commerce de détail d'ordinateurs, d'unités périphériques et de logiciels en magasin spécialisé;2026-09-08;3;"";https://candidat.francetravail.fr/offres/recherche/detail/213NFJS
6707353;Chargé / Chargée de communication externe (H/F);ESPACE RESSOURCES EN ETP GRAND EST;Entreprise;Chargé / Chargée de communication;67 - Schiltigheim;Autres régions;Contrat apprentissage;Non précisé;1;0;0;0;"";"";2026-09-08;3;"";https://candidat.francetravail.fr/offres/recherche/detail/6707353
6707359;Chargé / Chargée de communication digitale (H/F);FOURNIVAL ALTESSE;Entreprise;Chargé / Chargée de communication;60 - Mouy;Autres régions;Contrat apprentissage;Non précisé;1;0;0;0;"";"";2026-09-08;3;"";https://candidat.francetravail.fr/offres/recherche/detail/6707359
213NFKD;Chef / Cheffe de projet digital (H/F);FEDERATION REGIONALE DES VIGNERONS INDEP;Entreprise;Chef / Cheffe de projet Web;51 - Mardeuil;Autres régions;Contrat apprentissage;Non précisé;1;0;0;0;"";Autres organisations fonctionnant par adhésion volontaire;2026-09-08;3;"";https://candidat.francetravail.fr/offres/recherche/detail/213NFKD
6707361;Animateur / Animatrice de communauté virtuelle (H/F);HOME SWEET;Entreprise;Community manager;93 - Aubervilliers;Île-de-France;Contrat apprentissage;Non précisé;1;0;0;0;"";"";2026-09-08;3;"";https://candidat.francetravail.fr/offres/recherche/detail/6707361
6707351;Assistant / Assistante community manager (H/F);H AUTO NETTOYAGE;Entreprise;Community manager;75 - Paris 1er Arrondissement;Île-de-France;Contrat apprentissage;Non précisé;1;0;0;0;"";"";2026-09-08;3;"";https://candidat.francetravail.fr/offres/recherche/detail/6707351
6707357;Assistant / Assistante e-commerce (H/F);WEB2O;Entreprise;Assistant / Assistante e-commerce;95 - Champagne-sur-Oise;Île-de-France;Contrat apprentissage;Non précisé;0;1;0;0;"";"";2026-09-08;3;"";https://candidat.francetravail.fr/offres/recherche/detail/6707357
6707404;Web marketer (H/F);CLEER;Entreprise;Chargé / Chargée de marketing digital;75 - Paris 17e Arrondissement;Île-de-France;Contrat apprentissage;Non précisé;1;0;0;0;"";"";2026-09-08;3;"";https://candidat.francetravail.fr/offres/recherche/detail/6707404
6707413;Chef / Cheffe de projet marketing digital (H/F);MIND ME AND CO;Entreprise;Chargé / Chargée de marketing digital;57 - Sarreguemines;Autres régions;Contrat apprentissage;Non précisé;1;0;0;0;"";"";2026-09-08;3;"";https://candidat.francetravail.fr/offres/recherche/detail/6707413
6707441;Chargé / Chargée d'acquisition online (H/F);MARBLE  I;Entreprise;Chargé / Chargée de marketing digital;75 - Paris 11e Arrondissement;Île-de-France;Contrat apprentissage;Non précisé;1;0;0;0;"";"";2026-09-08;3;"";https://candidat.francetravail.fr/offres/recherche/detail/6707441
6707347;Animateur / Animatrice web (H/F);ACUITY-EAC;Entreprise;Community manager;75 - Paris 12e Arrondissement;Île-de-France;Contrat apprentissage;Non précisé;1;0;0;0;"";"";2026-09-08;3;"";https://candidat.francetravail.fr/offres/recherche/detail/6707347
6692711;Alternance Chargé(e) de Marketing Digital & Acquisition - Lyon (H/F);ISCOD;École / CFA;Directeur / Directrice marketing digital;69 - Lyon 7e Arrondissement;Auvergne-Rhône-Alpes;Contrat apprentissage;Bac+5;1;0;0;0;"";"";2026-09-07;3;Publiée par une école ou un CFA;https://candidat.francetravail.fr/offres/recherche/detail/6692711
213MNWG;Alternance - Assistant(e) Marketing Digital F/H (H/F);PARIS FASHION SHOPS - PFS;Entreprise;Assistant / Assistante marketing;93 - ST DENIS;Île-de-France;Contrat apprentissage;Non précisé;1;1;0;0;Mensuel de 1138.88 Euros à 1867.0 Euros;Commerce de gros (commerce interentreprises) d'habillement et de chaussures;2026-09-07;3;"";https://candidat.francetravail.fr/offres/recherche/detail/213MNWG
6697848;Super U - Chargé / Chargée de communication (H/F);Super U;Entreprise;Chargé / Chargée de communication;72 - Fresnay-sur-Sarthe;Autres régions;Cont. professionnalisation;Non précisé;1;1;0;0;"";Centrales d'achat alimentaires;2026-09-07;3;"";https://candidat.francetravail.fr/offres/recherche/detail/6697848
6697170;Alternant(e) Chargé(e) Communication F/H - Freeland;Freeland;Entreprise;Assistant / Assistante marketing;92 - Courbevoie;Île-de-France;Cont. professionnalisation;Non précisé;1;0;0;0;"";Activités des sièges sociaux;2026-09-07;3;"";https://candidat.francetravail.fr/offres/recherche/detail/6697170
6686701;Chargé / Chargée d'études en marketing (H/F);FAST VIET;Entreprise;Chargé / Chargée d'études commerciales;86 - Chasseneuil-du-Poitou;Autres régions;Contrat apprentissage;Non précisé;1;0;0;0;"";"";2026-09-07;3;"";https://candidat.francetravail.fr/offres/recherche/detail/6686701
213LVVV;ALTERNANT(E) ASSISTANT(E) COMMUNICATION CORPORATE & DIGITALE (H/F;Entreprise non communiquée;Anonyme;Chargé / Chargée des relations publiques;60 - CHANTILLY;Autres régions;Contrat apprentissage;Bac+5;1;0;0;0;"";Traitement de données, hébergement et activités connexes;2026-09-07;3;"";https://candidat.francetravail.fr/offres/recherche/detail/213LVVV
6686700;Promoteur / Promotrice de linéaires (H/F);A.S.M.O.I;Entreprise;Chargé / Chargée de merchandising;974 - Tampon;Autres régions;Contrat apprentissage;Non précisé;0;1;0;0;"";"";2026-09-07;3;Poste de premier niveau;https://candidat.francetravail.fr/offres/recherche/detail/6686700
213MFKB;Apprenti Chargé de communication (H/F);MAESTRIA RECRUTEMENTS;Entreprise;Chargé / Chargée de communication;976 - Koungou;Autres régions;Contrat apprentissage;Non précisé;1;0;0;0;Mensuel de 1361.0 Euros à 1362.0 Euros;Activités des agences de placement de main-d'œuvre;2026-09-07;3;"";https://candidat.francetravail.fr/offres/recherche/detail/213MFKB
6644267;Chargé / Chargée marketing digital (H/F);COTE D'AZUR VILLAS;Entreprise;Chargé / Chargée de marketing digital;06 - Valbonne;Autres régions;Contrat apprentissage;Non précisé;1;0;0;0;"";"";2026-09-05;3;"";https://candidat.francetravail.fr/offres/recherche/detail/6644267
6644276;Chargé / Chargée de projet marketing (H/F);GROUPE INGEPRIM;Entreprise;Responsable marketing;83 - Hyères;Autres régions;Contrat apprentissage;Non précisé;1;0;0;0;"";"";2026-09-05;3;"";https://candidat.francetravail.fr/offres/recherche/detail/6644276
6623766;Alternance Community manager Gaming / Multimédia - La Buissière (H/F);ISCOD;École / CFA;Community manager;38 - Saint-Maximin;Auvergne-Rhône-Alpes;Contrat apprentissage;Bac+5;1;0;0;0;"";"";2026-09-04;3;Publiée par une école ou un CFA;https://candidat.francetravail.fr/offres/recherche/detail/6623766
6598657;Chargé / Chargée marketing digital (H/F);GESTION ENTREPRISE CONSEIL TRANSMISSION GECT;Entreprise;Chargé / Chargée de marketing digital;89 - Paron;Autres régions;Contrat apprentissage;Non précisé;1;0;0;0;"";"";2026-09-04;3;"";https://candidat.francetravail.fr/offres/recherche/detail/6598657
6598553;Animateur / Animatrice de communauté virtuelle (H/F);HEWGO SPORT;Entreprise;Community manager;14 - Caen;Autres régions;Contrat apprentissage;Non précisé;1;0;0;0;"";"";2026-09-04;3;"";https://candidat.francetravail.fr/offres/recherche/detail/6598553
6598542;Chargé / Chargée de communication digitale (H/F);SI GROUPE;Entreprise;Chargé / Chargée de communication;91 - Évry-Courcouronnes;Île-de-France;Contrat apprentissage;Non précisé;1;0;0;0;"";"";2026-09-04;3;"";https://candidat.francetravail.fr/offres/recherche/detail/6598542
6598654;Chargé / Chargée marketing digital (H/F);M LACE COLLECTION;Entreprise;Chargé / Chargée de marketing digital;972 - Fort-de-France;Autres régions;Contrat apprentissage;Non précisé;1;0;0;0;"";"";2026-09-04;3;"";https://candidat.francetravail.fr/offres/recherche/detail/6598654
213LCJJ;Community Manager (H/F);360 AGENCY;Entreprise;Community manager;92 - LEVALLOIS-PERRET;Île-de-France;Contrat apprentissage;Non précisé;1;0;0;0;Mensuel de 1136.0 Euros à 1867.02 Euros;Autres activités liées au sport;2026-09-04;3;"";https://candidat.francetravail.fr/offres/recherche/detail/213LCJJ
213KJCX;APPRENTISSAGE Community manager (H/F);ALOHA POKE;Entreprise;Community manager;34 - CASTELNAU LE LEZ;Autres régions;Contrat apprentissage;Non précisé;1;0;0;0;"";Restauration de type rapide;2026-09-04;3;"";https://candidat.francetravail.fr/offres/recherche/detail/213KJCX
6598558;Chargé / Chargée de communication digitale (H/F);CHEZ VICTOR;Entreprise;Chargé / Chargée de communication;972 - Fort-de-France;Autres régions;Contrat apprentissage;Non précisé;1;0;0;0;"";"";2026-09-04;3;"";https://candidat.francetravail.fr/offres/recherche/detail/6598558
6539993;Web commercial / Web commerciale (H/F);YONIS DISTRIBUTION;Entreprise;Responsable e-commerce;33 - Mérignac;Autres régions;Contrat apprentissage;Non précisé;1;1;1;0;"";"";2026-09-03;3;"";https://candidat.francetravail.fr/offres/recherche/detail/6539993
6539965;Chargé / Chargée de communication événementielle (H/F);L'AVENIR SAINT LOUISIEN;Entreprise;Chef / Cheffe de projet événementiel;84 - Pontet;Autres régions;Contrat apprentissage;Non précisé;0;0;0;0;"";"";2026-09-03;3;Hors de nos parcours;https://candidat.francetravail.fr/offres/recherche/detail/6539965
6539995;Web marketer (H/F);YONIS DISTRIBUTION;Entreprise;Chargé / Chargée de marketing digital;33 - Mérignac;Autres régions;Contrat apprentissage;Non précisé;1;0;0;0;"";"";2026-09-03;3;"";https://candidat.francetravail.fr/offres/recherche/detail/6539995
6539962;Assistant / Assistante e-commerce (H/F);YONIS DISTRIBUTION;Entreprise;Assistant / Assistante e-commerce;33 - Mérignac;Autres régions;Contrat apprentissage;Non précisé;0;1;0;0;"";"";2026-09-03;3;"";https://candidat.francetravail.fr/offres/recherche/detail/6539962
6531674;Chargé de coordination des binômes intergénérationnels - stage ou alternance à impact (H/F);Mamie-Boom;Entreprise;Chargé / Chargée de relation client;13 - Marseille;Autres régions;Contrat apprentissage;Non précisé;0;1;0;1;"";"";2026-09-02;3;"";https://candidat.francetravail.fr/offres/recherche/detail/6531674
6533318;Assistant(e) Chargé(e) de Communication en Alternance F/H - Siège Sandaya - Direction IT/Marketing/Commercial;Siège Sandaya - Direction IT/Marketing/Commercial;Entreprise;Chargé / Chargée de communication;34 - Mauguio;Autres régions;Cont. professionnalisation;Bac+2/3;1;0;1;0;"";Activités des sociétés holding;2026-09-02;3;Vise un Bac+2/3;https://candidat.francetravail.fr/offres/recherche/detail/6533318
6478487;Chargé / Chargée d'acquisition online (H/F);CN FINANCE GESTION;Entreprise;Chargé / Chargée de marketing digital;06 - Mougins;Autres régions;Contrat apprentissage;Non précisé;1;0;0;0;"";"";2026-09-01;3;"";https://candidat.francetravail.fr/offres/recherche/detail/6478487
6444935;Chargé / Chargée de service après-vente (H/F);SCREENOVA;Entreprise;Chargé / Chargée de relation client;75 - Paris 9e Arrondissement;Île-de-France;Contrat apprentissage;Non précisé;0;1;0;0;"";"";2026-08-31;3;Poste de premier niveau;https://candidat.francetravail.fr/offres/recherche/detail/6444935
6445522;Chef / Cheffe de projet digital (H/F);ASS SOC FRANCAISE D'ETHNOPHARMACOLOGIE;Entreprise;Chef / Cheffe de projet Web;57 - Metz;Autres régions;Contrat apprentissage;Non précisé;1;0;0;0;"";"";2026-08-31;3;"";https://candidat.francetravail.fr/offres/recherche/detail/6445522
213DNFM;Chargé(e) de communication (H/F);SAS BBZ;Entreprise;Chargé / Chargée de communication;11 - CARCASSONNE;Autres régions;Cont. professionnalisation;Non précisé;1;0;0;0;"";Restauration traditionnelle;2026-08-31;3;"";https://candidat.francetravail.fr/offres/recherche/detail/213DNFM
6445065;Chargé / Chargée de communication digitale (H/F);OFFICE DE TOURISME;Entreprise;Chargé / Chargée de communication;05 - Gap;Autres régions;Contrat apprentissage;Non précisé;1;0;0;0;"";"";2026-08-31;3;"";https://candidat.francetravail.fr/offres/recherche/detail/6445065
6445036;Chargé / Chargée de communication on line (H/F);FIFI AU JARDIN;Entreprise;Chargé / Chargée de communication;62 - Boulogne-sur-Mer;Autres régions;Contrat apprentissage;Non précisé;1;0;0;0;"";"";2026-08-31;3;"";https://candidat.francetravail.fr/offres/recherche/detail/6445036
6445033;Chargé / Chargée de communication digitale (H/F);SODIVIN;Entreprise;Chargé / Chargée de communication;30 - Aigues-Vives;Autres régions;Contrat apprentissage;Non précisé;1;0;0;0;"";"";2026-08-31;3;"";https://candidat.francetravail.fr/offres/recherche/detail/6445033
6445029;Chargé / Chargée de communication digitale (H/F);IN'OYA LABORATOIRE;Entreprise;Chargé / Chargée de communication;75 - Paris 8e Arrondissement;Île-de-France;Contrat apprentissage;Non précisé;1;0;0;0;"";"";2026-08-31;3;"";https://candidat.francetravail.fr/offres/recherche/detail/6445029
6445024;Chargé / Chargée de communication web (H/F);REVERIES ET BOIS;Entreprise;Chargé / Chargée de communication;62 - Lagnicourt-Marcel;Autres régions;Contrat apprentissage;Non précisé;1;0;0;0;"";"";2026-08-31;3;"";https://candidat.francetravail.fr/offres/recherche/detail/6445024
6445009;Chargé / Chargée de communication digitale (H/F);SIGMA BAT;Entreprise;Chargé / Chargée de communication;91 - Grigny;Île-de-France;Contrat apprentissage;Non précisé;1;0;0;0;"";"";2026-08-31;3;"";https://candidat.francetravail.fr/offres/recherche/detail/6445009
6445002;Chargé / Chargée de communication interne (H/F);BEKEREL ENTREPRISE;Entreprise;Chargé / Chargée de communication;83 - Fréjus;Autres régions;Contrat apprentissage;Non précisé;1;0;0;0;"";"";2026-08-31;3;"";https://candidat.francetravail.fr/offres/recherche/detail/6445002
6445001;Chargé / Chargée de communication digitale (H/F);EXPOS SALONS ANIMA;Entreprise;Chargé / Chargée de communication;13 - Venelles;Autres régions;Contrat apprentissage;Non précisé;1;0;0;0;"";"";2026-08-31;3;"";https://candidat.francetravail.fr/offres/recherche/detail/6445001
6444957;Chargé / Chargée de communication externe (H/F);INSTITUT DE LA COMMUNICATION ET DU DIGITAL;Entreprise;Chargé / Chargée de communication;68 - Mulhouse;Autres régions;Contrat apprentissage;Non précisé;1;0;0;0;"";"";2026-08-31;3;"";https://candidat.francetravail.fr/offres/recherche/detail/6444957
6444920;Chargé / Chargée de communication digitale (H/F);ASSOCIATION HANDBALL CLUB VALREAS;Entreprise;Chargé / Chargée de communication;84 - Valréas;Autres régions;Contrat apprentissage;Non précisé;1;0;0;0;"";"";2026-08-31;3;"";https://candidat.francetravail.fr/offres/recherche/detail/6444920
6444992;Référenceur / Référenceuse SEO (H/F);GRIND SEO;Entreprise;Référenceur / Référenceuse web;78 - Sartrouville;Île-de-France;Contrat apprentissage;Non précisé;1;0;0;0;"";"";2026-08-31;3;"";https://candidat.francetravail.fr/offres/recherche/detail/6444992
6445545;Chargé / Chargée d'affaires marketing (H/F);ACCASTILLAGE MODERNE;Entreprise;Responsable marketing;25 - Glay;Autres régions;Contrat apprentissage;Non précisé;1;0;1;0;"";"";2026-08-31;3;"";https://candidat.francetravail.fr/offres/recherche/detail/6445545
6445512;Chargé / Chargée de mission marketing (H/F);SOCIETE FRANCAISE KEB;Entreprise;Responsable marketing;94 - Queue-en-Brie;Île-de-France;Contrat apprentissage;Non précisé;1;0;0;0;"";"";2026-08-31;3;"";https://candidat.francetravail.fr/offres/recherche/detail/6445512
6444950;Social media manager (H/F);OFFICE DU TOURISME DE VARS;Entreprise;Social media manager - Responsable des médias sociaux;05 - Vars;Autres régions;Contrat apprentissage;Non précisé;1;0;0;0;"";"";2026-08-31;3;"";https://candidat.francetravail.fr/offres/recherche/detail/6444950
6445558;Chargé / Chargée marketing digital (H/F);ASTON.AI;Entreprise;Chargé / Chargée de marketing digital;92 - Neuilly-sur-Seine;Île-de-France;Contrat apprentissage;Non précisé;1;0;0;0;"";"";2026-08-31;3;"";https://candidat.francetravail.fr/offres/recherche/detail/6445558
6445554;Chargé / Chargée marketing digital (H/F);MP NETTOYAGE;Entreprise;Chargé / Chargée de marketing digital;84 - Avignon;Autres régions;Contrat apprentissage;Non précisé;1;0;0;0;"";"";2026-08-31;3;"";https://candidat.francetravail.fr/offres/recherche/detail/6445554
6445528;Chargé / Chargée d'acquisition online (H/F);CN FINANCE GESTION;Entreprise;Chargé / Chargée de marketing digital;06 - Mougins;Autres régions;Contrat apprentissage;Non précisé;1;0;0;0;"";"";2026-08-31;3;"";https://candidat.francetravail.fr/offres/recherche/detail/6445528
6445510;Chargé / Chargée marketing digital (H/F);TDV MEDIA;Entreprise;Chargé / Chargée de marketing digital;31 - Toulouse;Autres régions;Contrat apprentissage;Non précisé;1;0;0;0;"";"";2026-08-31;3;"";https://candidat.francetravail.fr/offres/recherche/detail/6445510
6445533;Product manager (H/F);EFFILUX;Entreprise;Chef / Cheffe de produit;91 - Ulis;Île-de-France;Contrat apprentissage;Non précisé;1;0;0;0;"";"";2026-08-31;3;"";https://candidat.francetravail.fr/offres/recherche/detail/6445533
6445503;Assistant / Assistante chef de produit (H/F);PARITEL OPERATEUR;Entreprise;Chef / Cheffe de produit;92 - Bois-Colombes;Île-de-France;Contrat apprentissage;Non précisé;1;0;0;0;"";"";2026-08-31;3;"";https://candidat.francetravail.fr/offres/recherche/detail/6445503
6445087;Chargé / Chargée de communication événementielle (H/F);ASSOCIATION SOCIO CULTURELLE;Entreprise;Chef / Cheffe de projet événementiel;82 - Beaumont-de-Lomagne;Autres régions;Contrat apprentissage;Non précisé;0;0;0;0;"";"";2026-08-31;3;Hors de nos parcours;https://candidat.francetravail.fr/offres/recherche/detail/6445087
6444946;Assistant / Assistante de communication (H/F);RESEAU ENTREPRENDRE NORMANDIE ESTUAIRE;Entreprise;Chargé / Chargée des relations publiques;76 - Havre;Autres régions;Cont. professionnalisation;Non précisé;0;0;0;0;"";"";2026-08-31;3;Hors de nos parcours;https://candidat.francetravail.fr/offres/recherche/detail/6444946
6445546;Assistant / Assistante marketing (H/F);MATERNA OPERATIONS;Entreprise;Assistant / Assistante marketing;60 - Compiègne;Autres régions;Contrat apprentissage;Non précisé;1;0;0;0;"";"";2026-08-31;3;"";https://candidat.francetravail.fr/offres/recherche/detail/6445546
6445511;Assistant / Assistante à la direction marketing (H/F);DOMAINE DE ROUFFACH;Entreprise;Assistant / Assistante marketing;68 - Rouffach;Autres régions;Contrat apprentissage;Non précisé;1;0;0;0;"";"";2026-08-31;3;"";https://candidat.francetravail.fr/offres/recherche/detail/6445511
6445012;Responsable de la communauté en ligne (H/F);NOVIA;Entreprise;Community manager;34 - Montpellier;Autres régions;Contrat apprentissage;Non précisé;1;0;0;0;"";"";2026-08-31;3;"";https://candidat.francetravail.fr/offres/recherche/detail/6445012
6445006;Animateur / Animatrice de communauté virtuelle (H/F);INSTITUT NATIONAL DE RECHERCHE EN INFORM;Entreprise;Community manager;54 - Villers-lès-Nancy;Autres régions;Contrat apprentissage;Non précisé;1;0;0;0;"";"";2026-08-31;3;"";https://candidat.francetravail.fr/offres/recherche/detail/6445006
6445004;Assistant / Assistante community manager (H/F);COMPAGNIE DE LA BARJAQUE;Entreprise;Community manager;83 - Toulon;Autres régions;Contrat apprentissage;Non précisé;1;0;0;0;"";"";2026-08-31;3;"";https://candidat.francetravail.fr/offres/recherche/detail/6445004
6444928;Assistant / Assistante community manager (H/F);LUME;Entreprise;Community manager;2A - Zonza;Autres régions;Contrat apprentissage;Non précisé;1;0;0;0;"";"";2026-08-31;3;"";https://candidat.francetravail.fr/offres/recherche/detail/6444928
6444923;Gestionnaire de communauté en ligne (H/F);CARFOOLY;Entreprise;Community manager;34 - Saint-Aunès;Autres régions;Contrat apprentissage;Non précisé;1;0;0;0;"";"";2026-08-31;3;"";https://candidat.francetravail.fr/offres/recherche/detail/6444923
213BJVL;Alternant(e) BTS Evénementiel (H/F);LA BOX A ROTIR;Entreprise;Chef / Cheffe de projet événementiel;85 - LES SABLES D OLONNE;Autres régions;Contrat apprentissage;Bac+2/3;0;0;0;0;"";Services des traiteurs;2026-08-28;3;Vise un Bac+2/3;https://candidat.francetravail.fr/offres/recherche/detail/213BJVL
6341961;Alternance Chargé de communication - Tassin-la-Demi-Lune (H/F);ISCOD;École / CFA;Chargé / Chargée de communication;69 - Tassin-la-Demi-Lune;Auvergne-Rhône-Alpes;Contrat apprentissage;Bac+5;1;0;0;0;"";"";2026-08-27;3;Publiée par une école ou un CFA;https://candidat.francetravail.fr/offres/recherche/detail/6341961
6278598;Chargé de mission marketing (H/F);MANPOWER FRANCE;Entreprise;Responsable marketing;44 - Nantes;Autres régions;Contrat apprentissage;Non précisé;1;0;0;0;"";"";2026-08-26;3;"";https://candidat.francetravail.fr/offres/recherche/detail/6278598
212WVJN;VENDEUR (SE) CONSEIL E-COMMERCE en ALTERNANCE 12 à 24 Mois (H/F);DISTRI-FIBRE;Entreprise;Assistant / Assistante e-commerce;84 - Entraigues-sur-la-Sorgue;Autres régions;Contrat apprentissage;Non précisé;0;1;0;0;Horaire de 12.02 Euros;Commerce de gros (commerce interentreprises) de composants et d'équipements électroniques et de télécommunication;2026-08-25;3;Poste de premier niveau;https://candidat.francetravail.fr/offres/recherche/detail/212WVJN
6207921;Responsable Marketing Digital - Alternance H/F;Entreprise non communiquée;Anonyme;Directeur / Directrice marketing digital;59 - Lille;Autres régions;Cont. professionnalisation;Bac+5;1;0;0;0;"";"";2026-08-22;3;"";https://candidat.francetravail.fr/offres/recherche/detail/6207921
212QHXP;Alternance Assistant(e) Trade Marketing Évènementiel (H/F);Edena Boissons;Entreprise;Assistant / Assistante marketing;974 - La Possession;Autres régions;Contrat apprentissage;Non précisé;1;1;0;0;"";Industrie des eaux de table;2026-08-19;3;"";https://candidat.francetravail.fr/offres/recherche/detail/212QHXP
6050286;Apprenti/e - Communication F/H - GARDEN & CITY CAUTERETS;GARDEN & CITY CAUTERETS;Entreprise;Chargé / Chargée des relations publiques;65 - Cauterets;Autres régions;Cont. professionnalisation;Bac+2/3;0;0;0;0;"";Hébergement touristique et autre hébergement de courte durée;2026-08-17;3;Vise un Bac+2/3;https://candidat.francetravail.fr/offres/recherche/detail/6050286
5934421;Alternance - Chargé(e) de Communication F/H;Entreprise non communiquée;Anonyme;Chargé / Chargée de communication;51 - Marne;Autres régions;Contrat apprentissage;Bac+5;1;0;0;0;"";"";2026-08-12;3;"";https://candidat.francetravail.fr/offres/recherche/detail/5934421
5886748;Assistant / Assistante community manager (H/F);MRC ENVIRONNEMENT;Entreprise;Community manager;13 - Marseille 14e Arrondissement;Autres régions;Contrat apprentissage;Non précisé;1;0;0;0;"";"";2026-08-11;3;"";https://candidat.francetravail.fr/offres/recherche/detail/5886748
5835574;Animateur / Animatrice de communauté virtuelle (H/F);INSTITUT NATIONAL DE RECHERCHE EN INFORM;Entreprise;Community manager;78 - Chesnay-Rocquencourt;Île-de-France;Contrat apprentissage;Non précisé;1;0;0;0;"";"";2026-08-08;3;"";https://candidat.francetravail.fr/offres/recherche/detail/5835574
5835571;Assistant / Assistante community manager (H/F);T2A;Entreprise;Community manager;62 - Loos-en-Gohelle;Autres régions;Contrat apprentissage;Non précisé;1;0;0;0;"";"";2026-08-08;3;"";https://candidat.francetravail.fr/offres/recherche/detail/5835571
5835567;Chargé / Chargée de communication digitale (H/F);PHARMACIE DU JARDIN DE L'ETAT;Entreprise;Chargé / Chargée de communication;974 - Saint-Denis;Autres régions;Contrat apprentissage;Non précisé;1;0;0;0;"";"";2026-08-08;3;"";https://candidat.francetravail.fr/offres/recherche/detail/5835567
5801844;Responsable marketing digital (H/F);VISAMUNDI;Entreprise;Directeur / Directrice marketing digital;44 - Nantes;Autres régions;Contrat apprentissage;Non précisé;1;0;0;0;"";"";2026-08-07;3;"";https://candidat.francetravail.fr/offres/recherche/detail/5801844
5787609;Alternance ou stage - Responsable Marque, Community Manager, Graphiste, Vidéaste (H/F);YUMBEI;Entreprise;Social media manager - Responsable des médias sociaux;75 - Paris;Île-de-France;Contrat apprentissage;Non précisé;1;1;0;1;"";"";2026-08-06;3;"";https://candidat.francetravail.fr/offres/recherche/detail/5787609
5744262;Assistant / Assistante marketing (H/F);TECHWAY;Entreprise;Assistant / Assistante marketing;91 - Villebon-sur-Yvette;Île-de-France;Contrat apprentissage;Non précisé;1;0;0;0;"";"";2026-08-06;3;"";https://candidat.francetravail.fr/offres/recherche/detail/5744262
5791817;Alternant Assistant(e) Marketing (F/H) - ADELIA MEDICAL;ADELIA MEDICAL;Entreprise;Assistant / Assistante marketing;92 - Gennevilliers;Île-de-France;Cont. professionnalisation;Non précisé;1;0;0;0;"";Location et location-bail d'autres biens personnels et domestiques;2026-08-06;3;"";https://candidat.francetravail.fr/offres/recherche/detail/5791817
5744229;Optimisateur / Optimisatrice de linéaires (H/F);A.L.F DISTRIBUTION;Entreprise;Chargé / Chargée de merchandising;974 - Sainte-Marie;Autres régions;Contrat apprentissage;Non précisé;0;1;0;0;"";"";2026-08-06;3;Poste de premier niveau;https://candidat.francetravail.fr/offres/recherche/detail/5744229
5744249;Chargé / Chargée de communication digitale (H/F);LES ANGLADES;Entreprise;Chargé / Chargée de communication;06 - Nice;Autres régions;Contrat apprentissage;Non précisé;1;0;0;0;"";"";2026-08-06;3;"";https://candidat.francetravail.fr/offres/recherche/detail/5744249
5718083;Assistant / Assistante community manager (H/F);MY PROPERTY;Entreprise;Community manager;78 - Houilles;Île-de-France;Contrat apprentissage;Non précisé;1;0;0;0;"";"";2026-08-05;3;"";https://candidat.francetravail.fr/offres/recherche/detail/5718083
5718085;Assistant / Assistante de communication (H/F);EQUIP'AERO INDUSTRIE;Entreprise;Chargé / Chargée des relations publiques;32 - Isle-Jourdain;Autres régions;Contrat apprentissage;Non précisé;0;0;0;0;"";"";2026-08-05;3;Hors de nos parcours;https://candidat.francetravail.fr/offres/recherche/detail/5718085
5718079;Chargé / Chargée de communication digitale (H/F);GROUPE ACCELIS;Entreprise;Chargé / Chargée de communication;77 - Bussy-Saint-Georges;Île-de-France;Contrat apprentissage;Non précisé;1;0;0;0;"";"";2026-08-05;3;"";https://candidat.francetravail.fr/offres/recherche/detail/5718079
5718071;Chargé / Chargée e-commerce (H/F);LEXIBOOK LINGUISTIC ELECTRONIC SYSTEM;Entreprise;Responsable e-commerce;91 - Ulis;Île-de-France;Contrat apprentissage;Non précisé;0;1;0;0;"";"";2026-08-05;3;"";https://candidat.francetravail.fr/offres/recherche/detail/5718071
5688032;Chargé / Chargée d'affiliation et de partenariats e-commerce (H/F);MSD;Entreprise;Responsable marketing;971 - Basse-Terre;Autres régions;Contrat apprentissage;Non précisé;1;1;0;0;"";"";2026-08-03;3;"";https://candidat.francetravail.fr/offres/recherche/detail/5688032
5688028;Chef / Cheffe de projet marketing digital (H/F);MSD;Entreprise;Chargé / Chargée de marketing digital;971 - Basse-Terre;Autres régions;Contrat apprentissage;Non précisé;1;0;0;0;"";"";2026-08-03;3;"";https://candidat.francetravail.fr/offres/recherche/detail/5688028
5637019;Chargé d'études marketing et développement commercial (H/F);Entreprise non communiquée;Anonyme;Chargé / Chargée d'études commerciales;84 - Pertuis;Autres régions;Contrat apprentissage;Bac+5;1;0;1;0;"";"";2026-08-01;3;"";https://candidat.francetravail.fr/offres/recherche/detail/5637019
5570863;Animateur / Animatrice de forum sur internet (H/F);ILEC NICE;Entreprise;Community manager;06 - Nice;Autres régions;Contrat apprentissage;Non précisé;1;0;0;0;"";"";2026-07-30;3;"";https://candidat.francetravail.fr/offres/recherche/detail/5570863
5570854;Chargé / Chargée de communication digitale (H/F);LABORATOIRES LE STUM;Entreprise;Chargé / Chargée de communication;56 - Larmor-Plage;Autres régions;Contrat apprentissage;Non précisé;1;0;0;0;"";"";2026-07-30;3;"";https://candidat.francetravail.fr/offres/recherche/detail/5570854
5562840;Alternant Marketing / Stage F/H - Japan Experience;Japan Experience;Entreprise;Responsable marketing;75 - Paris 1er Arrondissement;Île-de-France;Cont. professionnalisation;Non précisé;1;0;1;0;Mensuel de 600.0 Euros à 1000.0 Euros;Activités des agences de voyage;2026-07-29;3;"";https://candidat.francetravail.fr/offres/recherche/detail/5562840
5503316;Assistant / Assistante community manager (H/F);DRINK TEAM;Entreprise;Community manager;56 - Hennebont;Autres régions;Contrat apprentissage;Non précisé;1;0;0;0;"";"";2026-07-28;3;"";https://candidat.francetravail.fr/offres/recherche/detail/5503316
5442603;Chargé / Chargée de communication digitale (H/F);TIGER TAILOR;Entreprise;Chargé / Chargée de communication;68 - Wettolsheim;Autres régions;Contrat apprentissage;Non précisé;1;0;0;0;"";"";2026-07-25;3;"";https://candidat.francetravail.fr/offres/recherche/detail/5442603
5403894;Chargé / Chargée marketing digital (H/F);NANTES EVASION;Entreprise;Chargé / Chargée de marketing digital;85 - Dompierre-sur-Yon;Autres régions;Contrat apprentissage;Non précisé;1;0;0;0;"";"";2026-07-24;3;"";https://candidat.francetravail.fr/offres/recherche/detail/5403894
5227563;Chargé / Chargée de communication digitale (H/F);ETABLISSEMENT PUBLIC DE RECONSTRUCTION E;Entreprise;Chargé / Chargée de communication;976 - Mamoudzou;Autres régions;Contrat apprentissage;Non précisé;1;0;0;0;"";"";2026-07-22;3;"";https://candidat.francetravail.fr/offres/recherche/detail/5227563
5193363;Chargé / Chargée marketing digital (H/F);SECTIO-TECH;Entreprise;Chargé / Chargée de marketing digital;62 - Leulinghem;Autres régions;Contrat apprentissage;Non précisé;1;0;0;0;"";"";2026-07-21;3;"";https://candidat.francetravail.fr/offres/recherche/detail/5193363
5193251;Chargé / Chargée e-commerce (H/F);PORMENAZ;Entreprise;Responsable e-commerce;06 - Antibes;Autres régions;Contrat apprentissage;Non précisé;0;1;0;0;"";"";2026-07-21;3;"";https://candidat.francetravail.fr/offres/recherche/detail/5193251
5069205;Chargé / Chargée de communication externe (H/F);BELLIER SAS;Entreprise;Chargé / Chargée de communication;45 - Fay-aux-Loges;Autres régions;Contrat apprentissage;Non précisé;1;0;0;0;"";"";2026-07-17;3;"";https://candidat.francetravail.fr/offres/recherche/detail/5069205
5069180;Chargé / Chargée de communication digitale (H/F);SAAA RETAIL;Entreprise;Chargé / Chargée de communication;28 - Gallardon;Autres régions;Contrat apprentissage;Non précisé;1;0;0;0;"";"";2026-07-17;3;"";https://candidat.francetravail.fr/offres/recherche/detail/5069180
5076638;Apprenti marketing mastère (H/F);Entreprise non communiquée;École / CFA;Responsable marketing;69 - Saint-Priest;Auvergne-Rhône-Alpes;Cont. professionnalisation;Bac+5;1;0;0;0;"";"";2026-07-17;3;Publiée par une école ou un CFA;https://candidat.francetravail.fr/offres/recherche/detail/5076638
5043406;Assistant.e Chef.fe de Produit Marketing en alternance H/F;Entreprise non communiquée;Anonyme;Assistant / Assistante marketing;71 - Branges;Autres régions;Cont. professionnalisation;Bac+5;1;0;0;0;"";"";2026-07-16;3;"";https://candidat.francetravail.fr/offres/recherche/detail/5043406
4630612;Assistant / Assistante marketing (H/F);ANDRE THOMAS;Entreprise;Assistant / Assistante marketing;92 - Boulogne-Billancourt;Île-de-France;Contrat apprentissage;Non précisé;1;0;0;0;"";"";2026-07-07;3;"";https://candidat.francetravail.fr/offres/recherche/detail/4630612
4630531;Chargé / Chargée de communication événementielle (H/F);ANDRE THOMAS;Entreprise;Chef / Cheffe de projet événementiel;92 - Boulogne-Billancourt;Île-de-France;Contrat apprentissage;Non précisé;0;0;0;0;"";"";2026-07-07;3;Hors de nos parcours;https://candidat.francetravail.fr/offres/recherche/detail/4630531
4630501;Chargé / Chargée de communication digitale (H/F);ITIC PARIS;Entreprise;Chargé / Chargée de communication;75 - Paris 20e Arrondissement;Île-de-France;Contrat apprentissage;Non précisé;1;0;0;0;"";"";2026-07-07;3;"";https://candidat.francetravail.fr/offres/recherche/detail/4630501
4630534;Chargé / Chargée de communication externe (H/F);COMMUNAUTE DE COMMUNES VAL DE GRAY;Entreprise;Chargé / Chargée de communication;70 - Gray;Autres régions;Contrat apprentissage;Non précisé;1;0;0;0;"";"";2026-07-07;3;"";https://candidat.francetravail.fr/offres/recherche/detail/4630534
4575924;Alternance assistant webmarketing (F/H) - ST LO;Entreprise non communiquée;Anonyme;Référenceur / Référenceuse web;50 - Saint-Lô;Autres régions;Cont. professionnalisation;Bac+5;1;1;0;0;"";"";2026-07-05;3;"";https://candidat.francetravail.fr/offres/recherche/detail/4575924
210SPCH;Community Manager en Alternance (H/F);MIDIPILE;Entreprise;Community manager;16 - HIERSAC;Autres régions;Contrat apprentissage;Bac+2/3;1;0;0;1;"";Construction de véhicules automobiles;2026-07-03;3;Vise un Bac+2/3;https://candidat.francetravail.fr/offres/recherche/detail/210SPCH
4481367;Chargé / Chargée de mission événementiel (H/F);PONGERS;Entreprise;Chef / Cheffe de projet événementiel;75 - Paris 12e Arrondissement;Île-de-France;Contrat apprentissage;Non précisé;0;0;0;0;"";"";2026-07-02;3;Hors de nos parcours;https://candidat.francetravail.fr/offres/recherche/detail/4481367
4481371;Chargé / Chargée de communication digitale (H/F);IZAR;Entreprise;Chargé / Chargée de communication;64 - Saint-Jean-de-Luz;Autres régions;Contrat apprentissage;Non précisé;1;0;0;0;"";"";2026-07-02;3;"";https://candidat.francetravail.fr/offres/recherche/detail/4481371
4481386;Chargé / Chargée de communication digitale (H/F);ASSOCIATION ANTI STRESS;Entreprise;Chargé / Chargée de communication;80 - Amiens;Autres régions;Contrat apprentissage;Non précisé;1;0;0;0;"";"";2026-07-02;3;"";https://candidat.francetravail.fr/offres/recherche/detail/4481386
210NCBH;Assistant(e) Marketing & Communication en Alternance H/F;SAM & FT ACCOMPAGNEMENT;Entreprise;Assistant / Assistante marketing;31 - TOULOUSE;Autres régions;Contrat apprentissage;Non précisé;1;0;0;0;"";Formation continue d'adultes;2026-06-30;3;"";https://candidat.francetravail.fr/offres/recherche/detail/210NCBH
4298932;Assistant / Assistante marketing (H/F);MASTERCOM;Entreprise;Assistant / Assistante marketing;91 - Soisy-sur-École;Île-de-France;Contrat apprentissage;Non précisé;1;0;0;0;"";"";2026-06-27;3;"";https://candidat.francetravail.fr/offres/recherche/detail/4298932
4296489;Marchandiseur visuel / Marchandiseuse visuel (H/F);RETAIL AVIGNON;Entreprise;Chargé / Chargée de merchandising;84 - Avignon;Autres régions;Contrat apprentissage;Non précisé;0;1;0;0;"";"";2026-06-27;3;"";https://candidat.francetravail.fr/offres/recherche/detail/4296489
4296258;Assistant / Assistante e-commerce (H/F);EVETANE;Entreprise;Assistant / Assistante e-commerce;13 - Penne-sur-Huveaune;Autres régions;Contrat apprentissage;Non précisé;0;1;0;0;"";"";2026-06-27;3;"";https://candidat.francetravail.fr/offres/recherche/detail/4296258
4296548;Web commercial / Web commerciale (H/F);NOUVEAU DEPART;Entreprise;Responsable e-commerce;13 - Marseille 1er Arrondissement;Autres régions;Contrat apprentissage;Non précisé;1;1;1;0;"";"";2026-06-27;3;"";https://candidat.francetravail.fr/offres/recherche/detail/4296548
4296393;Web vendeur / Web vendeuse (H/F);BOULEVARD VISION;Entreprise;Responsable e-commerce;75 - Paris 10e Arrondissement;Île-de-France;Contrat apprentissage;Non précisé;1;1;0;0;"";"";2026-06-27;3;Poste de premier niveau;https://candidat.francetravail.fr/offres/recherche/detail/4296393
4298695;Assistant / Assistante marketing (H/F);TEC AUTOMATISMES;Entreprise;Assistant / Assistante marketing;60 - Mouy;Autres régions;Contrat apprentissage;Non précisé;1;0;0;0;"";"";2026-06-27;3;"";https://candidat.francetravail.fr/offres/recherche/detail/4298695
4298756;Assistant / Assistante à la direction marketing (H/F);HYDROGYM;Entreprise;Assistant / Assistante marketing;77 - Melun;Île-de-France;Contrat apprentissage;Non précisé;1;0;0;0;"";"";2026-06-27;3;"";https://candidat.francetravail.fr/offres/recherche/detail/4298756
4298827;Assistant / Assistante marketing (H/F);LA BOITE AUX ENFANTS;Entreprise;Assistant / Assistante marketing;92 - Neuilly-sur-Seine;Île-de-France;Contrat apprentissage;Non précisé;1;0;0;0;"";"";2026-06-27;3;"";https://candidat.francetravail.fr/offres/recherche/detail/4298827
4298851;Assistant / Assistante marketing (H/F);ANIMANIA;Entreprise;Assistant / Assistante marketing;13 - Maillane;Autres régions;Contrat apprentissage;Non précisé;1;0;0;0;"";"";2026-06-27;3;"";https://candidat.francetravail.fr/offres/recherche/detail/4298851
4296167;Chargé / Chargée de communication digitale (H/F);HECODIS;Entreprise;Chargé / Chargée de communication;33 - Camblanes-et-Meynac;Autres régions;Contrat apprentissage;Non précisé;1;0;0;0;"";"";2026-06-27;3;"";https://candidat.francetravail.fr/offres/recherche/detail/4296167
4296249;Chargé / Chargée de communication externe (H/F);ALTERRE-NATIVE;Entreprise;Chargé / Chargée de communication;72 - Flèche;Autres régions;Contrat apprentissage;Non précisé;1;0;0;0;"";"";2026-06-27;3;"";https://candidat.francetravail.fr/offres/recherche/detail/4296249
4296260;Chargé / Chargée de communication digitale (H/F);AMICALE LAIQUE BILLERE;Entreprise;Chargé / Chargée de communication;64 - Billère;Autres régions;Contrat apprentissage;Non précisé;1;0;0;0;"";"";2026-06-27;3;"";https://candidat.francetravail.fr/offres/recherche/detail/4296260
4296288;Chargé / Chargée de communication digitale (H/F);RADIO MARIA  FRANCE;Entreprise;Chargé / Chargée de communication;83 - Garde;Autres régions;Contrat apprentissage;Non précisé;1;0;0;0;"";"";2026-06-27;3;"";https://candidat.francetravail.fr/offres/recherche/detail/4296288
4296295;Chargé / Chargée de communication digitale (H/F);GC DIFFUSION;Entreprise;Chargé / Chargée de communication;83 - Sainte-Maxime;Autres régions;Contrat apprentissage;Non précisé;1;0;0;0;"";"";2026-06-27;3;"";https://candidat.francetravail.fr/offres/recherche/detail/4296295
4296309;Chargé / Chargée de communication externe (H/F);UGECAM BRPL;Entreprise;Chargé / Chargée de communication;29 - Concarneau;Autres régions;Contrat apprentissage;Non précisé;1;0;0;0;"";"";2026-06-27;3;"";https://candidat.francetravail.fr/offres/recherche/detail/4296309
4296305;Responsable évènement (H/F);LA SMALA;Entreprise;Chef / Cheffe de projet événementiel;94 - Ivry-sur-Seine;Île-de-France;Contrat apprentissage;Non précisé;0;0;0;0;"";"";2026-06-27;3;Hors de nos parcours;https://candidat.francetravail.fr/offres/recherche/detail/4296305
4296328;Chargé / Chargée de communication événementielle (H/F);LE NEZ A L OUEST;Entreprise;Chef / Cheffe de projet événementiel;44 - Nantes;Autres régions;Contrat apprentissage;Non précisé;0;0;0;0;"";"";2026-06-27;3;Hors de nos parcours;https://candidat.francetravail.fr/offres/recherche/detail/4296328
4296427;Chargé / Chargée de communication événementielle (H/F);ILEC NICE;Entreprise;Chef / Cheffe de projet événementiel;06 - Nice;Autres régions;Contrat apprentissage;Non précisé;0;0;0;0;"";"";2026-06-27;3;Hors de nos parcours;https://candidat.francetravail.fr/offres/recherche/detail/4296427
4298670;Chargé / Chargée de mission marketing (H/F);RETAIL AVIGNON;Entreprise;Responsable marketing;84 - Avignon;Autres régions;Contrat apprentissage;Non précisé;1;0;0;0;"";"";2026-06-27;3;"";https://candidat.francetravail.fr/offres/recherche/detail/4298670
4296312;Chargé / Chargée de communication digitale (H/F);OXYGENE BY ALEXIS;Entreprise;Chargé / Chargée de communication;40 - Dax;Autres régions;Contrat apprentissage;Non précisé;1;0;0;0;"";"";2026-06-27;3;"";https://candidat.francetravail.fr/offres/recherche/detail/4296312
4296464;Chargé / Chargée responsable de projet événementiel (H/F);CENTRE REGIONAL OEUVRES UNIV SCOLAIRES;Entreprise;Chef / Cheffe de projet événementiel;51 - Reims;Autres régions;Contrat apprentissage;Non précisé;0;0;0;0;"";"";2026-06-27;3;Hors de nos parcours;https://candidat.francetravail.fr/offres/recherche/detail/4296464
4296341;Chargé / Chargée de communication digitale (H/F);HYDROGYM;Entreprise;Chargé / Chargée de communication;77 - Melun;Île-de-France;Contrat apprentissage;Non précisé;1;0;0;0;"";"";2026-06-27;3;"";https://candidat.francetravail.fr/offres/recherche/detail/4296341
4296343;Chargé / Chargée de communication digitale (H/F);WE GO TOULON OUEST;Entreprise;Chargé / Chargée de communication;83 - Ollioules;Autres régions;Contrat apprentissage;Non précisé;1;0;0;0;"";"";2026-06-27;3;"";https://candidat.francetravail.fr/offres/recherche/detail/4296343
4296355;Chargé / Chargée de communication externe (H/F);SIVOM DE VAL DE BANQUIERE;Entreprise;Chargé / Chargée de communication;06 - Saint-André-de-la-Roche;Autres régions;Contrat apprentissage;Non précisé;1;0;0;0;"";"";2026-06-27;3;"";https://candidat.francetravail.fr/offres/recherche/detail/4296355
4298950;Promoteur / Promotrice des ventes (H/F);ISFAC;Entreprise;Chef / Cheffe de promotion des ventes;92 - Rueil-Malmaison;Île-de-France;Contrat apprentissage;Non précisé;0;1;0;0;"";"";2026-06-27;3;"";https://candidat.francetravail.fr/offres/recherche/detail/4298950
4298740;Assistant / Assistante chef de produit (H/F);FLORAME;Entreprise;Chef / Cheffe de produit;13 - Saint-Rémy-de-Provence;Autres régions;Contrat apprentissage;Non précisé;1;0;0;0;"";"";2026-06-27;3;"";https://candidat.francetravail.fr/offres/recherche/detail/4298740
4296405;Chargé / Chargée de communication externe (H/F);LES SAVEURS DE HAUTE BRETAGNE;Entreprise;Chargé / Chargée de communication;22 - Guerlédan;Autres régions;Contrat apprentissage;Non précisé;1;0;0;0;"";"";2026-06-27;3;"";https://candidat.francetravail.fr/offres/recherche/detail/4296405
4296433;Chargé / Chargée de communication digitale (H/F);CAISSE PRIMAIRE ASSURANCE MALADIE;Entreprise;Chargé / Chargée de communication;19 - Tulle;Autres régions;Contrat apprentissage;Non précisé;1;0;0;0;"";"";2026-06-27;3;"";https://candidat.francetravail.fr/offres/recherche/detail/4296433
4296442;Chargé / Chargée de communication digitale (H/F);ERTUGRUL CEVIK;Entreprise;Chargé / Chargée de communication;54 - Lunéville;Autres régions;Contrat apprentissage;Non précisé;1;0;0;0;"";"";2026-06-27;3;"";https://candidat.francetravail.fr/offres/recherche/detail/4296442
4296443;Chargé / Chargée de communication digitale (H/F);LA MEDNUM;Entreprise;Chargé / Chargée de communication;75 - Paris 9e Arrondissement;Île-de-France;Contrat apprentissage;Non précisé;1;0;0;0;"";"";2026-06-27;3;"";https://candidat.francetravail.fr/offres/recherche/detail/4296443
4296458;Chargé / Chargée de communication digitale (H/F);CHIESI SAS;Entreprise;Chargé / Chargée de communication;92 - Bois-Colombes;Île-de-France;Contrat apprentissage;Non précisé;1;0;0;0;"";"";2026-06-27;3;"";https://candidat.francetravail.fr/offres/recherche/detail/4296458
4296470;Chargé / Chargée de communication digitale (H/F);AQUATIQUE DECOUVERTE NATURE ADN;Entreprise;Chargé / Chargée de communication;13 - Marseille 8e Arrondissement;Autres régions;Contrat apprentissage;Non précisé;1;0;0;0;"";"";2026-06-27;3;"";https://candidat.francetravail.fr/offres/recherche/detail/4296470
7163114;Alternance Chargé de communication - Chanteloup-les-Vignes (H/F);ISCOD;École / CFA;Chargé / Chargée de communication;78 - Andrésy;Île-de-France;Contrat apprentissage;Bac+5;1;0;0;0;"";"";2026-09-24;2;Publiée par une école ou un CFA;https://candidat.francetravail.fr/offres/recherche/detail/7163114
7163039;Alternance Chargé.e de Marketing & Communication - Montpellier (H/F);ISCOD;École / CFA;Responsable marketing;34 - Montpellier;Autres régions;Contrat apprentissage;Bac+5;1;0;0;0;"";"";2026-09-24;2;Publiée par une école ou un CFA;https://candidat.francetravail.fr/offres/recherche/detail/7163039
7163009;Alternance Chargé.e de Marketing et Communication - Avignon (H/F);ISCOD;École / CFA;Responsable marketing;84 - Avignon;Autres régions;Contrat apprentissage;Bac+5;1;0;0;0;"";"";2026-09-24;2;Publiée par une école ou un CFA;https://candidat.francetravail.fr/offres/recherche/detail/7163009
7163104;Alternance Assistant marketing - Massy (H/F);ISCOD;École / CFA;Assistant / Assistante marketing;91 - Massy;Île-de-France;Contrat apprentissage;Bac+5;1;0;0;0;"";"";2026-09-24;2;Publiée par une école ou un CFA;https://candidat.francetravail.fr/offres/recherche/detail/7163104
7132292;Alternance Assistant commercial et communication - Paris (H/F);ISCOD;École / CFA;Chargé / Chargée des relations publiques;75 - Paris 13e Arrondissement;Île-de-France;Contrat apprentissage;Bac+5;0;0;1;0;"";"";2026-09-23;2;Publiée par une école ou un CFA;https://candidat.francetravail.fr/offres/recherche/detail/7132292
214HHTK;Community manager (H/F);AUTO ECOLE DES VALLEES;École / CFA;Community manager;94 - ST MANDE;Île-de-France;Contrat apprentissage;Bac+5;1;0;0;0;"";Enseignement de la conduite;2026-09-23;2;Publiée par une école ou un CFA;https://candidat.francetravail.fr/offres/recherche/detail/214HHTK
7132351;Alternance Assistant(e) Communication - Cognac (H/F);ISCOD;École / CFA;Chargé / Chargée des relations publiques;16 - Boutiers-Saint-Trojan;Autres régions;Contrat apprentissage;Bac+5;0;0;0;0;"";"";2026-09-23;2;Publiée par une école ou un CFA;https://candidat.francetravail.fr/offres/recherche/detail/7132351
7135010;Alternance Chargé(e) de marketing digital - Ayse (F/H);Entreprise non communiquée;Anonyme;Directeur / Directrice marketing digital;74 - Ayse;Auvergne-Rhône-Alpes;Cont. professionnalisation;Non précisé;1;0;0;0;"";"";2026-09-23;2;"";https://candidat.francetravail.fr/offres/recherche/detail/7135010
7132314;Alternance Assistant marketing communication - Cherbourg-en-Cotentin (H/F);ISCOD;École / CFA;Assistant / Assistante marketing;50 - Bretteville;Autres régions;Contrat apprentissage;Bac+5;1;0;0;0;"";"";2026-09-23;2;Publiée par une école ou un CFA;https://candidat.francetravail.fr/offres/recherche/detail/7132314
7132309;Alternance Office Manager Commerce & Digital - Argenteuil (H/F);ISCOD;École / CFA;Directeur / Directrice marketing digital;95 - Argenteuil;Île-de-France;Contrat apprentissage;Bac+5;1;0;0;0;"";"";2026-09-23;2;Publiée par une école ou un CFA;https://candidat.francetravail.fr/offres/recherche/detail/7132309
7132277;Alternance Assistant(e) Commercial(e) & Marketing Digital - Paris (H/F);ISCOD;École / CFA;Directeur / Directrice marketing digital;75 - Paris 8e Arrondissement;Île-de-France;Contrat apprentissage;Bac+5;1;1;1;0;"";"";2026-09-23;2;Publiée par une école ou un CFA;https://candidat.francetravail.fr/offres/recherche/detail/7132277
7132280;Alternance Assistant Community Manager - Paris (H/F);ISCOD;École / CFA;Community manager;75 - Paris 10e Arrondissement;Île-de-France;Contrat apprentissage;Bac+5;1;0;0;0;"";"";2026-09-23;2;Publiée par une école ou un CFA;https://candidat.francetravail.fr/offres/recherche/detail/7132280
7098786;Alternance - Chargé de Communication externe (H/F);E2SE Business School;École / CFA;Chargé / Chargée de communication;14 - Caen;Autres régions;Cont. professionnalisation;Bac+5;1;0;0;0;"";Enseignement post-secondaire non supérieur;2026-09-22;2;Publiée par une école ou un CFA;https://candidat.francetravail.fr/offres/recherche/detail/7098786
7096498;Alternance Assistant communication - Saint-Égrève (F/H);Entreprise non communiquée;Anonyme;Chargé / Chargée des relations publiques;38 - Saint-Égrève;Auvergne-Rhône-Alpes;Cont. professionnalisation;Non précisé;0;0;0;0;"";"";2026-09-22;2;Hors de nos parcours;https://candidat.francetravail.fr/offres/recherche/detail/7096498
7068663;Chargé de marketing (H/F);IMPARARE;École / CFA;Responsable marketing;45 - Orléans;Autres régions;Contrat apprentissage;Bac+5;1;0;0;0;Mensuel de 800.0 Euros à 1800.0 Euros;"";2026-09-22;2;Publiée par une école ou un CFA;https://candidat.francetravail.fr/offres/recherche/detail/7068663
7093772;Alternance Chargé(e) de communication - Quimper (H/F);ISCOD;École / CFA;Chargé / Chargée de communication;29 - Quimper;Autres régions;Contrat apprentissage;Bac+5;1;0;0;0;"";"";2026-09-22;2;Publiée par une école ou un CFA;https://candidat.francetravail.fr/offres/recherche/detail/7093772
7093811;Alternance Chargé de communication (H/F) - Paris;ISCOD;École / CFA;Chargé / Chargée de communication;75 - Paris 13e Arrondissement;Île-de-France;Contrat apprentissage;Bac+5;1;0;0;0;"";"";2026-09-22;2;Publiée par une école ou un CFA;https://candidat.francetravail.fr/offres/recherche/detail/7093811
7093797;Alternance Assistant(e) communication - Roquebrune-sur-Argens (H/F);ISCOD;École / CFA;Chargé / Chargée des relations publiques;83 - Roquebrune-sur-Argens;Autres régions;Contrat apprentissage;Bac+5;0;0;0;0;"";"";2026-09-22;2;Publiée par une école ou un CFA;https://candidat.francetravail.fr/offres/recherche/detail/7093797
7093771;Alternance Chargé(e) de Marketing digital - Mardié (H/F);ISCOD;École / CFA;Directeur / Directrice marketing digital;45 - Mardié;Autres régions;Contrat apprentissage;Bac+5;1;0;0;0;"";"";2026-09-22;2;Publiée par une école ou un CFA;https://candidat.francetravail.fr/offres/recherche/detail/7093771
7093775;Alternance Assistant(e) communication - Versailles (H/F);ISCOD;École / CFA;Chargé / Chargée des relations publiques;78 - Versailles;Île-de-France;Contrat apprentissage;Bac+5;0;0;0;0;"";"";2026-09-22;2;Publiée par une école ou un CFA;https://candidat.francetravail.fr/offres/recherche/detail/7093775
7053518;Alternance COMMUNITY MANAGER - Paris (H/F);ISCOD;École / CFA;Community manager;75 - Paris 13e Arrondissement;Île-de-France;Contrat apprentissage;Bac+5;1;0;0;0;"";"";2026-09-21;2;Publiée par une école ou un CFA;https://candidat.francetravail.fr/offres/recherche/detail/7053518
7053778;Alternance Chargé(e) de communication - Morangis (H/F);ISCOD;École / CFA;Chargé / Chargée de communication;91 - Morangis;Île-de-France;Contrat apprentissage;Bac+5;1;0;0;0;"";"";2026-09-21;2;Publiée par une école ou un CFA;https://candidat.francetravail.fr/offres/recherche/detail/7053778
7053333;Alternance Assistant Business Development & Stratégie Digitale - Paris (H/F);ISCOD;École / CFA;Chef / Cheffe de promotion des ventes;75 - Paris 11e Arrondissement;Île-de-France;Contrat apprentissage;Bac+5;1;1;1;0;"";"";2026-09-21;2;Publiée par une école ou un CFA;https://candidat.francetravail.fr/offres/recherche/detail/7053333
7053322;Alternance Chargé de marketing et communication - Pontault-Combault (H/F);ISCOD;École / CFA;Responsable marketing;77 - Pontault-Combault;Île-de-France;Contrat apprentissage;Bac+5;1;0;0;0;"";"";2026-09-21;2;Publiée par une école ou un CFA;https://candidat.francetravail.fr/offres/recherche/detail/7053322
7053499;Alternance Assistant administratif et communication - Trélazé (H/F);ISCOD;École / CFA;Chargé / Chargée des relations publiques;49 - Sarrigné;Autres régions;Contrat apprentissage;Bac+5;0;0;0;0;"";"";2026-09-21;2;Publiée par une école ou un CFA;https://candidat.francetravail.fr/offres/recherche/detail/7053499
7053813;Alternance Assistant administratif et communication - Trélazé (H/F);ISCOD;École / CFA;Chargé / Chargée des relations publiques;49 - Sarrigné;Autres régions;Contrat apprentissage;Bac+5;0;0;0;0;"";"";2026-09-21;2;Publiée par une école ou un CFA;https://candidat.francetravail.fr/offres/recherche/detail/7053813
7053324;Alternance Chargé de Communication Digital - Paris (H/F);ISCOD;École / CFA;Chargé / Chargée de communication;75 - Paris 2e Arrondissement;Île-de-France;Contrat apprentissage;Bac+5;1;0;0;0;"";"";2026-09-21;2;Publiée par une école ou un CFA;https://candidat.francetravail.fr/offres/recherche/detail/7053324
7053533;Alternance Chargé(e) de communication - Morangis (H/F);ISCOD;École / CFA;Chargé / Chargée de communication;91 - Morangis;Île-de-France;Contrat apprentissage;Bac+5;1;0;0;0;"";"";2026-09-21;2;Publiée par une école ou un CFA;https://candidat.francetravail.fr/offres/recherche/detail/7053533
7053788;Alternance COMMUNITY MANAGER - Paris (H/F);ISCOD;École / CFA;Community manager;75 - Paris 13e Arrondissement;Île-de-France;Contrat apprentissage;Bac+5;1;0;0;0;"";"";2026-09-21;2;Publiée par une école ou un CFA;https://candidat.francetravail.fr/offres/recherche/detail/7053788
7053323;Alternance Assistant(e) d'agence - Vierzon (H/F);ISCOD;École / CFA;Assistant / Assistante en publicité;18 - Méry-sur-Cher;Autres régions;Contrat apprentissage;Bac+5;1;0;0;0;"";"";2026-09-21;2;Publiée par une école ou un CFA;https://candidat.francetravail.fr/offres/recherche/detail/7053323
214CFVM;Chargé(e) de communication en alternance (H/F);GROUPE ALTERNANCE ROCHEFORT;École / CFA;Chargé / Chargée de communication;17 - Pont-l'Abbé-d'Arnoult;Autres régions;Contrat apprentissage;Bac+5;1;1;0;0;Mensuel de 505.0 Euros à 1867.0 Euros;Formation continue d'adultes;2026-09-18;2;Publiée par une école ou un CFA;https://candidat.francetravail.fr/offres/recherche/detail/214CFVM
7001940;Alternance community manager (H/F) - Nancy (54);ICADEMIE;École / CFA;Community manager;54 - Nancy;Autres régions;Contrat apprentissage;Bac+5;1;0;0;0;Mensuel de 800.0 Euros à 1900.0 Euros;Formation continue d'adultes;2026-09-18;2;Publiée par une école ou un CFA;https://candidat.francetravail.fr/offres/recherche/detail/7001940
6986669;Alternance Community Manager - Lattes (H/F);ISCOD;École / CFA;Community manager;34 - Lattes;Autres régions;Contrat apprentissage;Bac+5;1;0;0;0;"";"";2026-09-18;2;Publiée par une école ou un CFA;https://candidat.francetravail.fr/offres/recherche/detail/6986669
214CGQS;Chargé(e) Communication en alternance (H/F);GROUPE ALTERNANCE ROCHEFORT;École / CFA;Chargé / Chargée de communication;17 - La Rochelle;Autres régions;Contrat apprentissage;Bac+5;1;0;0;0;Mensuel de 505.0 Euros à 1867.0 Euros;Formation continue d'adultes;2026-09-18;2;Publiée par une école ou un CFA;https://candidat.francetravail.fr/offres/recherche/detail/214CGQS
6986710;Alternance community manager - Paris (H/F);ISCOD;École / CFA;Community manager;75 - Paris 12e Arrondissement;Île-de-France;Contrat apprentissage;Bac+5;1;0;0;0;"";"";2026-09-18;2;Publiée par une école ou un CFA;https://candidat.francetravail.fr/offres/recherche/detail/6986710
6986640;Alternance charge de communication digitale - Boulogne-sur-Mer (H/F);ISCOD;École / CFA;Chargé / Chargée de communication;62 - Boulogne-sur-Mer;Autres régions;Contrat apprentissage;Bac+5;1;0;0;0;"";"";2026-09-18;2;Publiée par une école ou un CFA;https://candidat.francetravail.fr/offres/recherche/detail/6986640
7001953;Alternance community manager (H/F) - Lille (59);ICADEMIE;École / CFA;Community manager;59 - Lille;Autres régions;Contrat apprentissage;Bac+5;1;0;0;0;Mensuel de 800.0 Euros à 1900.0 Euros;Formation continue d'adultes;2026-09-18;2;Publiée par une école ou un CFA;https://candidat.francetravail.fr/offres/recherche/detail/7001953
214CMPJ;CHARGÉ-E DE COMMUNICATION DIGITALE EN ALTERNANCE (H/F);GFS;École / CFA;Chargé / Chargée de communication;63 - CHAMALIERES;Puy-de-Dôme;Contrat apprentissage;Bac+2/3;1;1;0;0;"";Formation continue d'adultes;2026-09-18;2;Publiée par une école ou un CFA;https://candidat.francetravail.fr/offres/recherche/detail/214CMPJ
214CKVG;Community Manager en alternance (H/F);GROUPE ALTERNANCE ROCHEFORT;École / CFA;Community manager;17 - Montendre;Autres régions;Contrat apprentissage;Bac+5;1;1;0;0;Mensuel de 505.0 Euros à 1867.0 Euros;Formation continue d'adultes;2026-09-18;2;Publiée par une école ou un CFA;https://candidat.francetravail.fr/offres/recherche/detail/214CKVG
6963933;Alternance Community manager - Basse-Terre (H/F);ISCOD;École / CFA;Community manager;971 - Basse-Terre;Autres régions;Contrat apprentissage;Bac+5;1;0;0;0;"";"";2026-09-17;2;Publiée par une école ou un CFA;https://candidat.francetravail.fr/offres/recherche/detail/6963933
6944111;Conseiller de vente (H/F);Entreprise non communiquée;Anonyme;Chargé / Chargée de relation client;69 - Lyon 5e Arrondissement;Auvergne-Rhône-Alpes;Contrat apprentissage;Non précisé;0;1;0;0;Annuel de 489.0 Euros à 1801.0 Euros;"";2026-09-17;2;Poste de premier niveau;https://candidat.francetravail.fr/offres/recherche/detail/6944111
6964023;Alternance Assistant(e) Marketing & Communication - Paris (H/F);ISCOD;École / CFA;Assistant / Assistante marketing;75 - Paris 7e Arrondissement;Île-de-France;Contrat apprentissage;Bac+5;1;0;0;0;"";"";2026-09-17;2;Publiée par une école ou un CFA;https://candidat.francetravail.fr/offres/recherche/detail/6964023
6963926;Alternance Chargé de communication - Beaulieu-sur-Mer (H/F);ISCOD;École / CFA;Chargé / Chargée de communication;06 - Beaulieu-sur-Mer;Autres régions;Contrat apprentissage;Bac+5;1;0;0;0;"";"";2026-09-17;2;Publiée par une école ou un CFA;https://candidat.francetravail.fr/offres/recherche/detail/6963926
6927864;Alternance Chargé de communication & marketing - Nice (H/F);ISCOD;École / CFA;Responsable marketing;06 - Nice;Autres régions;Contrat apprentissage;Bac+5;1;0;0;0;"";"";2026-09-16;2;Publiée par une école ou un CFA;https://candidat.francetravail.fr/offres/recherche/detail/6927864
6927894;Alternance Assistant commercial et marketing - Thiais (H/F);ISCOD;École / CFA;Assistant / Assistante marketing;94 - Thiais;Île-de-France;Contrat apprentissage;Bac+5;1;0;1;0;"";"";2026-09-16;2;Publiée par une école ou un CFA;https://candidat.francetravail.fr/offres/recherche/detail/6927894
6927895;Alternance Charge de communication - Châteaurenard (H/F);ISCOD;École / CFA;Chargé / Chargée de communication;13 - Châteaurenard;Autres régions;Contrat apprentissage;Bac+5;1;0;0;0;"";"";2026-09-16;2;Publiée par une école ou un CFA;https://candidat.francetravail.fr/offres/recherche/detail/6927895
6927940;Alternance Community Manager - Ennery (H/F);ISCOD;École / CFA;Community manager;95 - Hérouville-en-Vexin;Île-de-France;Contrat apprentissage;Bac+5;1;0;0;0;"";"";2026-09-16;2;Publiée par une école ou un CFA;https://candidat.francetravail.fr/offres/recherche/detail/6927940
6895789;Alternance Talent Acquisition et chargé(e) de Relations Ecoles - Paris (H/F);ISCOD;École / CFA;Chargé / Chargée de marketing digital;75 - Paris 15e Arrondissement;Île-de-France;Contrat apprentissage;Bac+5;1;0;0;0;"";"";2026-09-15;2;Publiée par une école ou un CFA;https://candidat.francetravail.fr/offres/recherche/detail/6895789
6895819;Alternance Assistant communication - Paris (H/F);ISCOD;École / CFA;Chargé / Chargée des relations publiques;75 - Paris 8e Arrondissement;Île-de-France;Contrat apprentissage;Bac+5;0;0;0;0;"";"";2026-09-15;2;Publiée par une école ou un CFA;https://candidat.francetravail.fr/offres/recherche/detail/6895819
6895837;Alternance Assistant(e) Communication Digitale - Saint-Dizier (H/F);ISCOD;École / CFA;Chargé / Chargée des relations publiques;52 - Hallignicourt;Autres régions;Contrat apprentissage;Bac+5;1;0;0;0;"";"";2026-09-15;2;Publiée par une école ou un CFA;https://candidat.francetravail.fr/offres/recherche/detail/6895837
6895797;Alternance Community Manager en agence - Paris (H/F);ISCOD;École / CFA;Community manager;75 - Paris 20e Arrondissement;Île-de-France;Contrat apprentissage;Bac+5;1;0;0;0;"";"";2026-09-15;2;Publiée par une école ou un CFA;https://candidat.francetravail.fr/offres/recherche/detail/6895797
6882180;Conseiller de vente (H/F);INSTITUT FORMAT CARRIERES COMMUN VENTE;École / CFA;Chargé / Chargée de relation client;75 - Paris 9e Arrondissement;Île-de-France;Contrat apprentissage;Bac+5;0;1;0;0;Annuel de 400.0 Euros à 1800.0 Euros;"";2026-09-15;2;Publiée par une école ou un CFA;https://candidat.francetravail.fr/offres/recherche/detail/6882180
6895807;Alternance Assistant commercial et communication - Roncq (H/F);ISCOD;École / CFA;Chargé / Chargée des relations publiques;59 - Roncq;Autres régions;Contrat apprentissage;Bac+5;0;0;1;0;"";"";2026-09-15;2;Publiée par une école ou un CFA;https://candidat.francetravail.fr/offres/recherche/detail/6895807
6863172;Alternance Production de Contenus Marketing ? Vidéo & Communication Digitale - Paris (H/F);ISCOD;École / CFA;Chief digital officer - Responsable de la transformation digitale;75 - Paris 15e Arrondissement;Île-de-France;Contrat apprentissage;Bac+5;1;0;0;0;"";"";2026-09-14;2;Publiée par une école ou un CFA;https://candidat.francetravail.fr/offres/recherche/detail/6863172
6863168;Alternance Chargé(e) Marketing - Paris (H/F);ISCOD;École / CFA;Responsable marketing;75 - Paris 9e Arrondissement;Île-de-France;Contrat apprentissage;Bac+5;1;0;0;0;"";"";2026-09-14;2;Publiée par une école ou un CFA;https://candidat.francetravail.fr/offres/recherche/detail/6863168
6863099;Alternance charge de communication - Paris (H/F);ISCOD;École / CFA;Chargé / Chargée de communication;75 - Paris 9e Arrondissement;Île-de-France;Contrat apprentissage;Bac+5;1;0;0;0;"";"";2026-09-14;2;Publiée par une école ou un CFA;https://candidat.francetravail.fr/offres/recherche/detail/6863099
6863135;Alternance Assistant Commercial et Marketing digital - Paris (H/F);ISCOD;École / CFA;Directeur / Directrice marketing digital;75 - Paris 11e Arrondissement;Île-de-France;Contrat apprentissage;Bac+5;1;0;1;0;"";"";2026-09-14;2;Publiée par une école ou un CFA;https://candidat.francetravail.fr/offres/recherche/detail/6863135
6863221;Alternance Merchandiser - Bagneux (H/F);ISCOD;École / CFA;Chargé / Chargée de merchandising;92 - Bagneux;Île-de-France;Contrat apprentissage;Bac+5;0;1;0;0;"";"";2026-09-14;2;Publiée par une école ou un CFA;https://candidat.francetravail.fr/offres/recherche/detail/6863221
6863124;Alternance Assistant(e) Communication et Marketing. - Istres (H/F);ISCOD;École / CFA;Assistant / Assistante marketing;13 - Istres;Autres régions;Contrat apprentissage;Bac+5;1;0;0;0;"";"";2026-09-14;2;Publiée par une école ou un CFA;https://candidat.francetravail.fr/offres/recherche/detail/6863124
6846733;Alternance - Business Manager H/F;Entreprise non communiquée;École / CFA;Responsable marketing;06 - Carros;Autres régions;Cont. professionnalisation;Bac+5;1;0;0;0;"";"";2026-09-12;2;Publiée par une école ou un CFA;https://candidat.francetravail.fr/offres/recherche/detail/6846733
6846408;Alternance Chargé Communication. - Paris (H/F);ISCOD;École / CFA;Chargé / Chargée de communication;75 - Paris 15e Arrondissement;Île-de-France;Contrat apprentissage;Bac+5;1;0;0;0;"";"";2026-09-12;2;Publiée par une école ou un CFA;https://candidat.francetravail.fr/offres/recherche/detail/6846408
6846533;Alternance Chargé(e) de Communication en association - Paris (H/F);ISCOD;École / CFA;Chargé / Chargée de communication;75 - Paris 7e Arrondissement;Île-de-France;Contrat apprentissage;Bac+5;1;0;0;0;"";"";2026-09-12;2;Publiée par une école ou un CFA;https://candidat.francetravail.fr/offres/recherche/detail/6846533
6846483;Alternance Assistant marketing et évènementiel - Paris (H/F);ISCOD;École / CFA;Assistant / Assistante marketing;75 - Paris 8e Arrondissement;Île-de-France;Contrat apprentissage;Bac+5;1;0;0;0;"";"";2026-09-12;2;Publiée par une école ou un CFA;https://candidat.francetravail.fr/offres/recherche/detail/6846483
6804556;Alternance chargé de marketing digital (H/F) - Avignon (84);ICADEMIE;École / CFA;Responsable marketing;84 - Avignon;Autres régions;Contrat apprentissage;Bac+5;1;0;0;0;Mensuel de 800.0 Euros à 1900.0 Euros;Formation continue d'adultes;2026-09-10;2;Publiée par une école ou un CFA;https://candidat.francetravail.fr/offres/recherche/detail/6804556
6797544;Alternance Assistant.e Responsable d'agence - Vulaines-sur-Seine (H/F);ISCOD;École / CFA;Assistant / Assistante en publicité;77 - Vulaines-sur-Seine;Île-de-France;Contrat apprentissage;Bac+5;1;0;0;0;"";"";2026-09-10;2;Publiée par une école ou un CFA;https://candidat.francetravail.fr/offres/recherche/detail/6797544
6797661;Alternance Community Manager & Content Creator - Paris (H/F);ISCOD;École / CFA;Community manager;75 - Paris 1er Arrondissement;Île-de-France;Contrat apprentissage;Bac+5;1;0;0;0;"";"";2026-09-10;2;Publiée par une école ou un CFA;https://candidat.francetravail.fr/offres/recherche/detail/6797661
6797599;Alternance Marketing Digital & E-commerce - Clamart (H/F);ISCOD;École / CFA;Directeur / Directrice marketing digital;92 - Clamart;Île-de-France;Contrat apprentissage;Bac+5;1;1;0;0;"";"";2026-09-10;2;Publiée par une école ou un CFA;https://candidat.francetravail.fr/offres/recherche/detail/6797599
6797602;Alternance Assistant(e) Marketing & Digital - Toulon (H/F);ISCOD;École / CFA;Directeur / Directrice marketing digital;83 - Toulon;Autres régions;Contrat apprentissage;Bac+5;1;0;0;0;"";"";2026-09-10;2;Publiée par une école ou un CFA;https://candidat.francetravail.fr/offres/recherche/detail/6797602
6797635;Alternance Chargé.e de Marketing Digital - Antony (H/F);ISCOD;École / CFA;Directeur / Directrice marketing digital;92 - Antony;Île-de-France;Contrat apprentissage;Bac+5;1;0;0;0;"";"";2026-09-10;2;Publiée par une école ou un CFA;https://candidat.francetravail.fr/offres/recherche/detail/6797635
6797447;Alternance Chargé(e) de communication - Montpellier (H/F);ISCOD;École / CFA;Chargé / Chargée de communication;34 - Montpellier;Autres régions;Contrat apprentissage;Bac+5;1;0;0;0;"";"";2026-09-10;2;Publiée par une école ou un CFA;https://candidat.francetravail.fr/offres/recherche/detail/6797447
6797464;Alternance Chargé(e) de Communication - Aix-en-Provence (H/F);ISCOD;École / CFA;Chargé / Chargée de communication;13 - Aix-en-Provence;Autres régions;Contrat apprentissage;Bac+5;1;0;0;0;"";"";2026-09-10;2;Publiée par une école ou un CFA;https://candidat.francetravail.fr/offres/recherche/detail/6797464
6804711;Alternance chargé de communication (H/F) - Valenciennes (59);ICADEMIE;École / CFA;Chargé / Chargée de communication;59 - Valenciennes;Autres régions;Contrat apprentissage;Bac+5;1;0;0;0;Mensuel de 800.0 Euros à 1900.0 Euros;Formation continue d'adultes;2026-09-10;2;Publiée par une école ou un CFA;https://candidat.francetravail.fr/offres/recherche/detail/6804711
6797592;Alternance Assistant(e) commercial et marketing - Levallois-Perret (H/F);ISCOD;École / CFA;Assistant / Assistante marketing;92 - Levallois-Perret;Île-de-France;Contrat apprentissage;Bac+5;1;0;1;0;"";"";2026-09-10;2;Publiée par une école ou un CFA;https://candidat.francetravail.fr/offres/recherche/detail/6797592
6797478;Alternance Assistant commercial et marketing - Paron (H/F);ISCOD;École / CFA;Assistant / Assistante marketing;89 - Collemiers;Autres régions;Contrat apprentissage;Bac+5;1;0;1;0;"";"";2026-09-10;2;Publiée par une école ou un CFA;https://candidat.francetravail.fr/offres/recherche/detail/6797478
6797549;Alternance Assistant Responsable d'Agence - Paris (H/F);ISCOD;École / CFA;Assistant / Assistante en publicité;75 - Paris 15e Arrondissement;Île-de-France;Contrat apprentissage;Bac+5;1;0;0;0;"";"";2026-09-10;2;Publiée par une école ou un CFA;https://candidat.francetravail.fr/offres/recherche/detail/6797549
6766042;Alternance Chargé(e) de Communication et Marketing - Nice (H/F);ISCOD;École / CFA;Responsable marketing;06 - Nice;Autres régions;Contrat apprentissage;Bac+5;1;0;0;0;"";"";2026-09-09;2;Publiée par une école ou un CFA;https://candidat.francetravail.fr/offres/recherche/detail/6766042
6766143;Alternance Assistant communication - Montigny-en-Gohelle (H/F);ISCOD;École / CFA;Chargé / Chargée des relations publiques;62 - Montigny-en-Gohelle;Autres régions;Contrat apprentissage;Bac+5;0;0;0;0;"";"";2026-09-09;2;Publiée par une école ou un CFA;https://candidat.francetravail.fr/offres/recherche/detail/6766143
6766041;Alternance Chargé de Communication - Rodez (H/F);ISCOD;École / CFA;Chargé / Chargée de communication;12 - Rodez;Autres régions;Contrat apprentissage;Bac+5;1;0;0;0;"";"";2026-09-09;2;Publiée par une école ou un CFA;https://candidat.francetravail.fr/offres/recherche/detail/6766041
6766118;Alternance Chargé.e de communication - Paris (H/F);ISCOD;École / CFA;Chargé / Chargée de communication;75 - Paris 12e Arrondissement;Île-de-France;Contrat apprentissage;Bac+5;1;0;0;0;"";"";2026-09-09;2;Publiée par une école ou un CFA;https://candidat.francetravail.fr/offres/recherche/detail/6766118
6773681;Alternance chargé de communication (H/F) - Rennes (35);ICADEMIE;École / CFA;Chargé / Chargée de communication;35 - Rennes;Autres régions;Contrat apprentissage;Bac+5;1;0;0;1;Mensuel de 800.0 Euros à 1900.0 Euros;Formation continue d'adultes;2026-09-09;2;Publiée par une école ou un CFA;https://candidat.francetravail.fr/offres/recherche/detail/6773681
6766048;Alternance Assistant communication - Meslay-du-Maine (H/F);ISCOD;École / CFA;Chargé / Chargée des relations publiques;53 - Buret;Autres régions;Contrat apprentissage;Bac+5;0;0;0;0;"";"";2026-09-09;2;Publiée par une école ou un CFA;https://candidat.francetravail.fr/offres/recherche/detail/6766048
6773171;Alternance assistant marketing et business developer (H/F) - Paris (75);ICADEMIE;École / CFA;Responsable marketing;75 - Paris 1er Arrondissement;Île-de-France;Contrat apprentissage;Bac+5;1;0;1;0;Mensuel de 800.0 Euros à 1900.0 Euros;Formation continue d'adultes;2026-09-09;2;Publiée par une école ou un CFA;https://candidat.francetravail.fr/offres/recherche/detail/6773171
6727709;Alternance Business Manager - Puteaux (H/F);ISCOD;École / CFA;Chef / Cheffe de promotion des ventes;92 - Puteaux;Île-de-France;Contrat apprentissage;Bac+5;0;1;0;0;"";"";2026-09-08;2;Publiée par une école ou un CFA;https://candidat.francetravail.fr/offres/recherche/detail/6727709
6727731;Alternance Chef de Produit Marketing - Essarts-en-Bocage (H/F);ISCOD;École / CFA;Directeur / Directrice du marketing;85 - Vendée;Autres régions;Contrat apprentissage;Bac+5;1;0;0;0;"";"";2026-09-08;2;Publiée par une école ou un CFA;https://candidat.francetravail.fr/offres/recherche/detail/6727731
213NVNM;Chargé de Marketing commercial (H/F);LES FORMATIONS DU MARAIS;École / CFA;Responsable marketing;79 - Azay-le-Brûlé;Autres régions;Contrat apprentissage;Bac+5;1;1;1;0;"";Formation continue d'adultes;2026-09-08;2;Publiée par une école ou un CFA;https://candidat.francetravail.fr/offres/recherche/detail/213NVNM
6727699;Alternance Assistant commercial et marketing - Castries (H/F);ISCOD;École / CFA;Assistant / Assistante marketing;34 - Castries;Autres régions;Contrat apprentissage;Bac+5;1;0;1;0;"";"";2026-09-08;2;Publiée par une école ou un CFA;https://candidat.francetravail.fr/offres/recherche/detail/6727699
6727724;Alternance Chargé de communication - Strasbourg (H/F);ISCOD;École / CFA;Chargé / Chargée de communication;67 - Strasbourg;Autres régions;Contrat apprentissage;Bac+5;1;0;0;0;"";"";2026-09-08;2;Publiée par une école ou un CFA;https://candidat.francetravail.fr/offres/recherche/detail/6727724
6692722;Alternance Assistant(e) communication & évènementiel - Charmont-sous-Barbuise (H/F);ISCOD;École / CFA;Chargé / Chargée des relations publiques;10 - Voué;Autres régions;Contrat apprentissage;Bac+5;0;0;0;0;"";"";2026-09-07;2;Publiée par une école ou un CFA;https://candidat.francetravail.fr/offres/recherche/detail/6692722
6692716;Alternance Assistant Marketing Communication - Lille (H/F);ISCOD;École / CFA;Assistant / Assistante marketing;59 - Lille;Autres régions;Contrat apprentissage;Bac+5;1;0;0;0;"";"";2026-09-07;2;Publiée par une école ou un CFA;https://candidat.francetravail.fr/offres/recherche/detail/6692716
6692720;Alternance Assistant commercial et marketing - Saint-Parres-aux-Tertres (H/F);ISCOD;École / CFA;Assistant / Assistante marketing;10 - Villechétif;Autres régions;Contrat apprentissage;Bac+5;1;0;1;0;"";"";2026-09-07;2;Publiée par une école ou un CFA;https://candidat.francetravail.fr/offres/recherche/detail/6692720
6692695;Alternance Chargé(e) de Communication - Lens (H/F);ISCOD;École / CFA;Chargé / Chargée de communication;62 - Éleu-dit-Leauwette;Autres régions;Contrat apprentissage;Bac+5;1;0;0;0;"";"";2026-09-07;2;Publiée par une école ou un CFA;https://candidat.francetravail.fr/offres/recherche/detail/6692695
6682640;Alternance - Chargé de Marketing Digital - Bachelor H/F;Entreprise non communiquée;École / CFA;Chargé / Chargée de marketing digital;35 - Bruz;Autres régions;Cont. professionnalisation;Bac+5;1;0;0;0;"";"";2026-09-06;2;Publiée par une école ou un CFA;https://candidat.francetravail.fr/offres/recherche/detail/6682640
6682593;Alternance - Community Manager - Bachelor Marketing Digital H/F;Entreprise non communiquée;École / CFA;Chargé / Chargée de marketing digital;35 - Betton;Autres régions;Cont. professionnalisation;Bac+5;1;1;0;0;"";"";2026-09-06;2;Publiée par une école ou un CFA;https://candidat.francetravail.fr/offres/recherche/detail/6682593
6682582;Alternance - Community Manager - Bac+3 H/F;Entreprise non communiquée;École / CFA;Community manager;35 - Acigné;Autres régions;Cont. professionnalisation;Bac+5;1;0;0;0;"";"";2026-09-06;2;Publiée par une école ou un CFA;https://candidat.francetravail.fr/offres/recherche/detail/6682582
6682592;Alternance Bachelor - Chargé de Communication & Conseiller de Vente H/F;Entreprise non communiquée;École / CFA;Chef / Cheffe de promotion des ventes;35 - Cesson-Sévigné;Autres régions;Cont. professionnalisation;Bac+5;0;1;0;0;"";"";2026-09-06;2;Publiée par une école ou un CFA;https://candidat.francetravail.fr/offres/recherche/detail/6682592
213LQMG;Vendeur/ Community Manager en alternance (H/F);MY BEST ALTERNANCE - MBA;École / CFA;Community manager;06 - CANNES;Autres régions;Contrat apprentissage;Bac+5;1;1;0;0;Mensuel de 800.0 Euros à 1766.92 Euros;Conseil pour les affaires et autres conseils de gestion;2026-09-06;2;Publiée par une école ou un CFA;https://candidat.francetravail.fr/offres/recherche/detail/213LQMG
6667404;Alternance Chargé(e) de Marketing Digital & Acquisition - Lyon (F/H);Entreprise non communiquée;Anonyme;Chargé / Chargée de marketing digital;69 - Lyon;Auvergne-Rhône-Alpes;Cont. professionnalisation;Non précisé;1;0;0;0;"";"";2026-09-05;2;"";https://candidat.francetravail.fr/offres/recherche/detail/6667404
6591322;Conseiller de vente (H/F);Entreprise non communiquée;Anonyme;Chargé / Chargée de relation client;26 - Montélimar;Auvergne-Rhône-Alpes;Contrat apprentissage;Non précisé;0;1;0;0;Annuel de 504.0 Euros à 1867.0 Euros;"";2026-09-04;2;Poste de premier niveau;https://candidat.francetravail.fr/offres/recherche/detail/6591322
6623793;Alternance Assistant administratif et Marketing - Paris (H/F);ISCOD;École / CFA;Assistant / Assistante marketing;75 - Paris 16e Arrondissement;Île-de-France;Contrat apprentissage;Bac+5;1;0;0;0;"";"";2026-09-04;2;Publiée par une école ou un CFA;https://candidat.francetravail.fr/offres/recherche/detail/6623793
6634911;Apprenti-e Community Manager (H/F);l'Ecole des cuistots migrateurs;École / CFA;Community manager;93 - Montreuil;Île-de-France;Contrat apprentissage;Bac+5;1;0;0;0;"";"";2026-09-04;2;Publiée par une école ou un CFA;https://candidat.francetravail.fr/offres/recherche/detail/6634911
6623625;Alternance Transformation Digitale, Data et IA - Montreuil (H/F);ISCOD;École / CFA;Chief digital officer - Responsable de la transformation digitale;93 - Montreuil;Île-de-France;Contrat apprentissage;Bac+5;1;0;0;0;"";"";2026-09-04;2;Publiée par une école ou un CFA;https://candidat.francetravail.fr/offres/recherche/detail/6623625
6625228;Alternance Community manager Gaming / Multimédia - La Buissier(ère) (F/H);Entreprise non communiquée;Anonyme;Social media manager - Responsable des médias sociaux;38 - Buissière;Auvergne-Rhône-Alpes;Cont. professionnalisation;Non précisé;1;0;0;0;"";"";2026-09-04;2;"";https://candidat.francetravail.fr/offres/recherche/detail/6625228
6623637;Alternance Chargé Communication 360 - Montrouge (H/F);ISCOD;École / CFA;Chargé / Chargée de communication;92 - Montrouge;Île-de-France;Contrat apprentissage;Bac+5;1;0;0;0;"";"";2026-09-04;2;Publiée par une école ou un CFA;https://candidat.francetravail.fr/offres/recherche/detail/6623637
6623736;Alternance Chargé de communication événementielle - Béziers (H/F);ISCOD;École / CFA;Chargé / Chargée de communication;34 - Béziers;Autres régions;Contrat apprentissage;Bac+5;1;0;0;0;"";"";2026-09-04;2;Publiée par une école ou un CFA;https://candidat.francetravail.fr/offres/recherche/detail/6623736
6623807;Alternance Chargé de communication digitale et événementielle - Le Pontet (H/F);ISCOD;École / CFA;Chargé / Chargée de communication;84 - Pontet;Autres régions;Contrat apprentissage;Bac+5;1;0;0;0;"";"";2026-09-04;2;Publiée par une école ou un CFA;https://candidat.francetravail.fr/offres/recherche/detail/6623807
6623820;Alternance Assistant(e) d'agence - Boisseuil (H/F);ISCOD;École / CFA;Assistant / Assistante en publicité;87 - Boisseuil;Autres régions;Contrat apprentissage;Bac+5;1;0;0;0;"";"";2026-09-04;2;Publiée par une école ou un CFA;https://candidat.francetravail.fr/offres/recherche/detail/6623820
6574080;Alternance Chargé de Projets Marketing digital - Paris (H/F);ISCOD;École / CFA;Directeur / Directrice marketing digital;75 - Paris 10e Arrondissement;Île-de-France;Contrat apprentissage;Bac+5;1;0;0;0;"";"";2026-09-03;2;Publiée par une école ou un CFA;https://candidat.francetravail.fr/offres/recherche/detail/6574080
213HYJB;Apprenti chargé d'études (H/F);SERPE;École / CFA;Chargé / Chargée d'études commerciales;77 - MOUSSY LE NEUF;Île-de-France;Contrat apprentissage;Bac+5;1;0;0;0;"";Services d'aménagement paysager;2026-09-03;2;Publiée par une école ou un CFA;https://candidat.francetravail.fr/offres/recherche/detail/213HYJB
6574103;Alternance Assistant Chargé de Marketing et CRM BTOB - Les Epesses (H/F);ISCOD;École / CFA;Assistant / Assistante marketing;85 - Epesses;Autres régions;Contrat apprentissage;Bac+5;1;0;0;0;"";"";2026-09-03;2;Publiée par une école ou un CFA;https://candidat.francetravail.fr/offres/recherche/detail/6574103
6517450;Alternance Transformation digitale et IA - Paris (H/F);ISCOD;École / CFA;Chief digital officer - Responsable de la transformation digitale;75 - Paris 9e Arrondissement;Île-de-France;Contrat apprentissage;Bac+5;1;0;0;0;"";"";2026-09-02;2;Publiée par une école ou un CFA;https://candidat.francetravail.fr/offres/recherche/detail/6517450
6517416;Alternance Assistant Communication - Le Lion-d'Angers (H/F);ISCOD;École / CFA;Chargé / Chargée des relations publiques;49 - Maine-et-Loire;Autres régions;Contrat apprentissage;Bac+5;0;0;0;0;"";"";2026-09-02;2;Publiée par une école ou un CFA;https://candidat.francetravail.fr/offres/recherche/detail/6517416
6517538;Alternance Assistant(e) Marketing - Nanterre (H/F);ISCOD;École / CFA;Assistant / Assistante marketing;92 - Nanterre;Île-de-France;Contrat apprentissage;Bac+5;1;0;0;0;"";"";2026-09-02;2;Publiée par une école ou un CFA;https://candidat.francetravail.fr/offres/recherche/detail/6517538
6517557;Alternance Communication digitale & Community Management - Cagnes-sur-Mer (H/F);ISCOD;École / CFA;Community manager;06 - Cagnes-sur-Mer;Autres régions;Contrat apprentissage;Bac+5;1;0;0;0;"";"";2026-09-02;2;Publiée par une école ou un CFA;https://candidat.francetravail.fr/offres/recherche/detail/6517557
6517550;Alternance Chargé(e) de communication - Antibes (H/F);ISCOD;École / CFA;Chargé / Chargée de communication;06 - Antibes;Autres régions;Contrat apprentissage;Bac+5;1;0;0;0;"";"";2026-09-02;2;Publiée par une école ou un CFA;https://candidat.francetravail.fr/offres/recherche/detail/6517550
6495515;Alternance Chargé(e) de communication et marketing - Vallauris (H/F);ISCOD;École / CFA;Responsable marketing;06 - Vallauris;Autres régions;Contrat apprentissage;Bac+5;1;0;0;0;"";"";2026-09-01;2;Publiée par une école ou un CFA;https://candidat.francetravail.fr/offres/recherche/detail/6495515
6495551;Alternance Community Manager - Issy-les-Moulineaux (H/F);ISCOD;École / CFA;Community manager;92 - Issy-les-Moulineaux;Île-de-France;Contrat apprentissage;Bac+5;1;0;0;0;"";"";2026-09-01;2;Publiée par une école ou un CFA;https://candidat.francetravail.fr/offres/recherche/detail/6495551
6460536;Alternance Chargé de communication - Lieusaint (H/F);ISCOD;École / CFA;Chargé / Chargée de communication;77 - Lieusaint;Île-de-France;Contrat apprentissage;Bac+5;1;0;0;0;"";"";2026-08-31;2;Publiée par une école ou un CFA;https://candidat.francetravail.fr/offres/recherche/detail/6460536
6445571;Assistant / Assistante marketing (H/F);ALFAE;École / CFA;Assistant / Assistante marketing;63 - Chamalières;Puy-de-Dôme;Contrat apprentissage;Non précisé;1;0;0;0;"";"";2026-08-31;2;Publiée par une école ou un CFA;https://candidat.francetravail.fr/offres/recherche/detail/6445571
6460518;Alternance assistant commercial et marketing - Mennecy (H/F);ISCOD;École / CFA;Assistant / Assistante marketing;91 - Écharcon;Île-de-France;Contrat apprentissage;Bac+5;1;0;1;0;"";"";2026-08-31;2;Publiée par une école ou un CFA;https://candidat.francetravail.fr/offres/recherche/detail/6460518
6460543;Alternance Community Manager - Le Plessis-Belleville (H/F);ISCOD;École / CFA;Community manager;60 - Lagny-le-Sec;Autres régions;Contrat apprentissage;Bac+5;1;0;0;0;"";"";2026-08-31;2;Publiée par une école ou un CFA;https://candidat.francetravail.fr/offres/recherche/detail/6460543
6444955;Assistant / Assistante de communication (H/F);ALFAE;École / CFA;Chargé / Chargée des relations publiques;63 - Chamalières;Puy-de-Dôme;Contrat apprentissage;Non précisé;0;0;0;0;"";"";2026-08-31;2;Publiée par une école ou un CFA;https://candidat.francetravail.fr/offres/recherche/detail/6444955
6460535;Alternance Chargé de communication digitale - Éragny (H/F);ISCOD;École / CFA;Chargé / Chargée de communication;95 - Éragny-sur-Oise;Île-de-France;Contrat apprentissage;Bac+5;1;0;0;0;"";"";2026-08-31;2;Publiée par une école ou un CFA;https://candidat.francetravail.fr/offres/recherche/detail/6460535
6460517;Alternance Chargé(e) de Marketing Digital - Serris (H/F);ISCOD;École / CFA;Directeur / Directrice marketing digital;77 - Melun;Île-de-France;Contrat apprentissage;Bac+5;1;0;0;0;"";"";2026-08-31;2;Publiée par une école ou un CFA;https://candidat.francetravail.fr/offres/recherche/detail/6460517
6417582;Alternance - Business Manager H/F;Entreprise non communiquée;École / CFA;Responsable marketing;06 - Nice;Autres régions;Cont. professionnalisation;Bac+5;1;0;0;0;"";"";2026-08-29;2;Publiée par une école ou un CFA;https://candidat.francetravail.fr/offres/recherche/detail/6417582
6382008;Alternance Chargé Marketing et Communications - Paris (H/F);ISCOD;École / CFA;Chargé / Chargée d'études commerciales;75 - Paris 17e Arrondissement;Île-de-France;Contrat apprentissage;Bac+5;1;0;0;0;"";"";2026-08-28;2;Publiée par une école ou un CFA;https://candidat.francetravail.fr/offres/recherche/detail/6382008
6382111;Alternance Chargé(e) de communication - Roissy-en-France (H/F);ISCOD;École / CFA;Chargé / Chargée de communication;95 - Roissy-en-France;Île-de-France;Contrat apprentissage;Bac+5;1;0;0;0;"";"";2026-08-28;2;Publiée par une école ou un CFA;https://candidat.francetravail.fr/offres/recherche/detail/6382111
6382010;Alternance ASSISTANT(E) COMMUNICATION - Valbonne (H/F);ISCOD;École / CFA;Chargé / Chargée des relations publiques;06 - Valbonne;Autres régions;Contrat apprentissage;Bac+5;0;0;0;0;"";"";2026-08-28;2;Publiée par une école ou un CFA;https://candidat.francetravail.fr/offres/recherche/detail/6382010
6382011;Alternance Community Manager et réseaux - Paris (H/F);ISCOD;École / CFA;Community manager;75 - Paris 7e Arrondissement;Île-de-France;Contrat apprentissage;Bac+5;1;0;0;0;"";"";2026-08-28;2;Publiée par une école ou un CFA;https://candidat.francetravail.fr/offres/recherche/detail/6382011
6382012;Alternance Assistant(e) Vidéo & Motion Design ? Communication RH - Neuilly-sur-Seine (H/F);ISCOD;École / CFA;Chargé / Chargée des relations publiques;92 - Neuilly-sur-Seine;Île-de-France;Contrat apprentissage;Bac+5;0;0;0;0;"";"";2026-08-28;2;Publiée par une école ou un CFA;https://candidat.francetravail.fr/offres/recherche/detail/6382012
6382025;Alternance Account manager - Business Development en alternance - Paris (H/F);ISCOD;École / CFA;Chef / Cheffe de promotion des ventes;75 - Paris 8e Arrondissement;Île-de-France;Contrat apprentissage;Bac+5;0;1;1;0;"";"";2026-08-28;2;Publiée par une école ou un CFA;https://candidat.francetravail.fr/offres/recherche/detail/6382025
6341750;Alternance Chargé de Marketing - Romainville (H/F);ISCOD;École / CFA;Responsable marketing;93 - Romainville;Île-de-France;Contrat apprentissage;Bac+5;1;1;0;0;"";"";2026-08-27;2;Publiée par une école ou un CFA;https://candidat.francetravail.fr/offres/recherche/detail/6341750
6341915;Alternance Assistant(e) Communication, Marketing & Événementiel Musical - Caen (H/F);ISCOD;École / CFA;Assistant / Assistante marketing;14 - Caen;Autres régions;Contrat apprentissage;Bac+5;1;0;0;0;"";"";2026-08-27;2;Publiée par une école ou un CFA;https://candidat.francetravail.fr/offres/recherche/detail/6341915
6341775;Alternance Community Manager - Sainte-Marie-des-Champs (H/F);ISCOD;École / CFA;Community manager;76 - Seine-Maritime;Autres régions;Contrat apprentissage;Bac+5;1;0;0;0;"";"";2026-08-27;2;Publiée par une école ou un CFA;https://candidat.francetravail.fr/offres/recherche/detail/6341775
212ZCLW;Chargé(e) de Marketing Digital (H/F);ASSOCIATION IMC ALTERNANCE;École / CFA;Chargé / Chargée de marketing digital;93 - ST DENIS;Île-de-France;Contrat apprentissage;Bac+5;1;0;0;0;Mensuel de 800.0 Euros à 1824.0 Euros;Enseignement secondaire technique ou professionnel;2026-08-27;2;Publiée par une école ou un CFA;https://candidat.francetravail.fr/offres/recherche/detail/212ZCLW
6341935;Alternance Community Manager immobilier - Nice (H/F);ISCOD;École / CFA;Community manager;06 - Nice;Autres régions;Contrat apprentissage;Bac+5;1;0;0;0;"";"";2026-08-27;2;Publiée par une école ou un CFA;https://candidat.francetravail.fr/offres/recherche/detail/6341935
6304494;Alternance Community et Content Manager - Boissy-Saint-Léger (H/F);ISCOD;École / CFA;Community manager;94 - Boissy-Saint-Léger;Île-de-France;Contrat apprentissage;Bac+5;1;0;0;0;"";"";2026-08-26;2;Publiée par une école ou un CFA;https://candidat.francetravail.fr/offres/recherche/detail/6304494
6304736;Alternance Community Manager . - Marseille (H/F);ISCOD;École / CFA;Community manager;13 - Marseille 1er Arrondissement;Autres régions;Contrat apprentissage;Bac+5;1;0;0;0;"";"";2026-08-26;2;Publiée par une école ou un CFA;https://candidat.francetravail.fr/offres/recherche/detail/6304736
6304481;Alternance Chef de projet digital - Saint-Laurent-du-Var (H/F);ISCOD;École / CFA;Chef / Cheffe de produit;06 - Saint-Laurent-du-Var;Autres régions;Contrat apprentissage;Bac+5;1;1;0;0;"";"";2026-08-26;2;Publiée par une école ou un CFA;https://candidat.francetravail.fr/offres/recherche/detail/6304481
6304629;Alternance Assistant Marketing et Communication - Villenave-d'Ornon (H/F);ISCOD;École / CFA;Assistant / Assistante marketing;33 - Cadaujac;Autres régions;Contrat apprentissage;Bac+5;1;0;0;0;"";"";2026-08-26;2;Publiée par une école ou un CFA;https://candidat.francetravail.fr/offres/recherche/detail/6304629
6304654;Alternance Assistant Communication - Paris (H/F);ISCOD;École / CFA;Chargé / Chargée des relations publiques;75 - Paris 15e Arrondissement;Île-de-France;Contrat apprentissage;Bac+5;0;0;0;0;"";"";2026-08-26;2;Publiée par une école ou un CFA;https://candidat.francetravail.fr/offres/recherche/detail/6304654
6304731;Alternance Community Manager vidéaste - Paris (H/F);ISCOD;École / CFA;Community manager;75 - Paris 1er Arrondissement;Île-de-France;Contrat apprentissage;Bac+5;1;0;0;0;"";"";2026-08-26;2;Publiée par une école ou un CFA;https://candidat.francetravail.fr/offres/recherche/detail/6304731
6304704;Alternance Community Manager - La Garde (H/F);ISCOD;École / CFA;Community manager;83 - Garde;Autres régions;Contrat apprentissage;Bac+5;1;0;0;0;"";"";2026-08-26;2;Publiée par une école ou un CFA;https://candidat.francetravail.fr/offres/recherche/detail/6304704
6231631;Alternance Assistant(e) marketing stratégique et digital - Vitrolles (H/F);ISCOD;École / CFA;Directeur / Directrice marketing digital;13 - Vitrolles;Autres régions;Contrat apprentissage;Bac+5;1;0;0;0;"";"";2026-08-24;2;Publiée par une école ou un CFA;https://candidat.francetravail.fr/offres/recherche/detail/6231631
6207916;Alternance - Marketing et Social Media H/F;Entreprise non communiquée;École / CFA;Social media manager - Responsable des médias sociaux;59 - Aix-en-Pévèle;Autres régions;Cont. professionnalisation;Bac+5;1;0;0;0;"";"";2026-08-22;2;Publiée par une école ou un CFA;https://candidat.francetravail.fr/offres/recherche/detail/6207916
6207713;Assistant Chef de Produit en alternance (F/H);Entreprise non communiquée;Anonyme;Chef / Cheffe de produit;42 - Pélussin;Auvergne-Rhône-Alpes;Cont. professionnalisation;Non précisé;1;0;0;0;"";"";2026-08-22;2;"";https://candidat.francetravail.fr/offres/recherche/detail/6207713
6207959;Alternance Assistant(e) communication - Saint-Herblain (F/H);Entreprise non communiquée;École / CFA;Chargé / Chargée des relations publiques;44 - Saint-Herblain;Autres régions;Cont. professionnalisation;Bac+5;0;0;0;0;"";"";2026-08-22;2;Publiée par une école ou un CFA;https://candidat.francetravail.fr/offres/recherche/detail/6207959
6169353;Alternance chargé(e) de communication & marketing produit SaaS - Paris (H/F);ISCOD;École / CFA;Responsable marketing;75 - Paris 1er Arrondissement;Île-de-France;Contrat apprentissage;Bac+5;1;0;0;0;"";"";2026-08-21;2;Publiée par une école ou un CFA;https://candidat.francetravail.fr/offres/recherche/detail/6169353
6169278;Alternance Chargé(e) Marketing Opérationnel - Montpellier (H/F);ISCOD;École / CFA;Responsable marketing;34 - Montpellier;Autres régions;Contrat apprentissage;Bac+5;1;0;0;0;"";"";2026-08-21;2;Publiée par une école ou un CFA;https://candidat.francetravail.fr/offres/recherche/detail/6169278
6141769;Alternance charge de communication - Toulouse (H/F);ISCOD;École / CFA;Chargé / Chargée de communication;31 - Toulouse;Autres régions;Contrat apprentissage;Bac+5;1;0;0;0;"";"";2026-08-20;2;Publiée par une école ou un CFA;https://candidat.francetravail.fr/offres/recherche/detail/6141769
6141774;Alternance Assistant Chef de Produit Achats - Lille (H/F);ISCOD;École / CFA;Chef / Cheffe de produit;59 - Lille;Autres régions;Contrat apprentissage;Bac+5;1;1;0;0;"";"";2026-08-20;2;Publiée par une école ou un CFA;https://candidat.francetravail.fr/offres/recherche/detail/6141774
6141630;Alternance Chargé(e) de communication et marketing - Reims (H/F);ISCOD;École / CFA;Responsable marketing;51 - Reims;Autres régions;Contrat apprentissage;Bac+5;1;0;0;0;"";"";2026-08-20;2;Publiée par une école ou un CFA;https://candidat.francetravail.fr/offres/recherche/detail/6141630
6141685;Alternance Assistant(e) Communication Web - Paris (H/F);ISCOD;École / CFA;Chargé / Chargée des relations publiques;75 - Paris 13e Arrondissement;Île-de-France;Contrat apprentissage;Bac+5;1;0;0;0;"";"";2026-08-20;2;Publiée par une école ou un CFA;https://candidat.francetravail.fr/offres/recherche/detail/6141685
6141795;Alternance Community Manager - Créteil (H/F);ISCOD;École / CFA;Community manager;94 - Créteil;Île-de-France;Contrat apprentissage;Bac+5;1;0;0;0;"";"";2026-08-20;2;Publiée par une école ou un CFA;https://candidat.francetravail.fr/offres/recherche/detail/6141795
6107700;Alternance Chef de Projet Digital - Artix (H/F);ISCOD;École / CFA;Chef / Cheffe de produit;64 - Artix;Autres régions;Contrat apprentissage;Bac+5;1;0;0;0;"";"";2026-08-19;2;Publiée par une école ou un CFA;https://candidat.francetravail.fr/offres/recherche/detail/6107700
6107702;Alternance Chargé CRM et marketing 360 - Villeneuve-Loubet (H/F);ISCOD;École / CFA;Responsable marketing;06 - Villeneuve-Loubet;Autres régions;Contrat apprentissage;Bac+5;1;0;0;0;"";"";2026-08-19;2;Publiée par une école ou un CFA;https://candidat.francetravail.fr/offres/recherche/detail/6107702
6078061;Alternance Chargé de communication digital et événementiel - Paris (H/F);ISCOD;École / CFA;Chargé / Chargée de communication;75 - Paris 17e Arrondissement;Île-de-France;Contrat apprentissage;Bac+5;1;0;0;0;"";"";2026-08-18;2;Publiée par une école ou un CFA;https://candidat.francetravail.fr/offres/recherche/detail/6078061
6078068;Alternance Chargé administrative et communication - Meudon (H/F);ISCOD;École / CFA;Chargé / Chargée de communication;92 - Meudon;Île-de-France;Contrat apprentissage;Bac+5;1;0;0;0;"";"";2026-08-18;2;Publiée par une école ou un CFA;https://candidat.francetravail.fr/offres/recherche/detail/6078068
6078054;Alternance Assistant.e Communication - Pessac (H/F);ISCOD;École / CFA;Chargé / Chargée des relations publiques;33 - Pessac;Autres régions;Contrat apprentissage;Bac+5;0;0;0;0;"";"";2026-08-18;2;Publiée par une école ou un CFA;https://candidat.francetravail.fr/offres/recherche/detail/6078054
6078048;Alternance Chargé de communication & évènements - Nort-sur-Erdre (H/F);ISCOD;École / CFA;Chargé / Chargée de communication;44 - Casson;Autres régions;Contrat apprentissage;Bac+5;1;0;0;0;"";"";2026-08-18;2;Publiée par une école ou un CFA;https://candidat.francetravail.fr/offres/recherche/detail/6078048
6078110;Alternance Chargé de communication - Montreuil (H/F);ISCOD;École / CFA;Chargé / Chargée de communication;93 - Montreuil;Île-de-France;Contrat apprentissage;Bac+5;1;0;0;0;"";"";2026-08-18;2;Publiée par une école ou un CFA;https://candidat.francetravail.fr/offres/recherche/detail/6078110
6078057;Alternance Assistant commercial et communication - Vaux-le-Pénil (H/F);ISCOD;École / CFA;Chargé / Chargée des relations publiques;77 - Melun;Île-de-France;Contrat apprentissage;Bac+5;0;0;1;0;"";"";2026-08-18;2;Publiée par une école ou un CFA;https://candidat.francetravail.fr/offres/recherche/detail/6078057
212MVSK;APPRENTI(E) Bac+5 MBA MANAGER EN STRATEGIE D'ENTREPRISE (H/F);SUP FORMATION;École / CFA;Assistant / Assistante marketing;57 - METZ;Autres régions;Contrat apprentissage;Bac+5;1;0;0;0;Mensuel de 1100.0 Euros à 1800.0 Euros sur 12 mois;Autres enseignements;2026-08-17;2;Publiée par une école ou un CFA;https://candidat.francetravail.fr/offres/recherche/detail/212MVSK
5959813;Alternance - Chargé de Communication & Développement de Communauté H/F;Entreprise non communiquée;École / CFA;Community manager;35 - Cesson-Sévigné;Autres régions;Cont. professionnalisation;Bac+5;1;1;0;0;"";"";2026-08-13;2;Publiée par une école ou un CFA;https://candidat.francetravail.fr/offres/recherche/detail/5959813
212CTMK;Chargé(e) de communication digitale (H/F);LA MAISON DE L'EMPLOI ET DE LA FORMATION;École / CFA;Chargé / Chargée de communication;77 - MOISSY CRAMAYEL;Île-de-France;Contrat apprentissage;Bac+5;1;0;0;0;Annuel de 22320.0 Euros;Administration publique (tutelle) des activités économiques;2026-08-05;2;Publiée par une école ou un CFA;https://candidat.francetravail.fr/offres/recherche/detail/212CTMK
5690951;Alternance - Chargé de marketing et de communication digitale F/H;Entreprise non communiquée;Anonyme;Chargé / Chargée de marketing digital;01 - Saint-Marcel;Auvergne-Rhône-Alpes;Cont. professionnalisation;Non précisé;1;0;0;0;"";"";2026-08-04;2;"";https://candidat.francetravail.fr/offres/recherche/detail/5690951
5568134;Chef de produit marketing (H/F);INSTITUT FORMAT CARRIERES COMMUN VENTE;École / CFA;Chef / Cheffe de produit;Île-de-France;Île-de-France;Contrat apprentissage;Bac+5;1;0;1;0;Mensuel de 400.0 Euros à 1800.0 Euros;"";2026-07-30;2;Publiée par une école ou un CFA;https://candidat.francetravail.fr/offres/recherche/detail/5568134
5587258;Alternance Chargé de Développement Commercial / Vendeur - Lyon (F/H);Entreprise non communiquée;Anonyme;Chef / Cheffe de promotion des ventes;69 - Lyon;Auvergne-Rhône-Alpes;Cont. professionnalisation;Non précisé;0;1;1;0;"";"";2026-07-30;2;Poste de premier niveau;https://candidat.francetravail.fr/offres/recherche/detail/5587258
5587230;Alternance Community Manager & Vidéaste - Lyon (F/H);Entreprise non communiquée;Anonyme;Chef / Cheffe de projet événementiel;69 - Lyon;Auvergne-Rhône-Alpes;Cont. professionnalisation;Non précisé;1;0;0;0;"";"";2026-07-30;2;"";https://candidat.francetravail.fr/offres/recherche/detail/5587230
5383824;Alternance Assistant(e) Communication et Marketing - Puget-sur-Argens (H/F);ISCOD;École / CFA;Assistant / Assistante marketing;83 - Puget-sur-Argens;Autres régions;Contrat apprentissage;Bac+5;1;0;0;0;"";"";2026-07-23;2;Publiée par une école ou un CFA;https://candidat.francetravail.fr/offres/recherche/detail/5383824
4074939;Alternance - Community manager (H/F) - 24 Mois;Entreprise non communiquée;Anonyme;Community manager;69 - Lyon;Auvergne-Rhône-Alpes;Cont. professionnalisation;Non précisé;1;0;0;0;"";"";2026-06-21;2;"";https://candidat.francetravail.fr/offres/recherche/detail/4074939
207WCJF;Chargé / Chargée de relation client (H/F);Entreprise non communiquée;École / CFA;Chargé / Chargée de relation client;62 - HENIN-BEAUMONT;Autres régions;Contrat apprentissage;Bac+5;0;1;0;0;"";Commerce de gros (commerce interentreprises) alimentaire non spécialisé;2026-05-05;2;Publiée par une école ou un CFA;https://candidat.francetravail.fr/offres/recherche/detail/207WCJF
7134975;Devenez Chargé(e) Commercial(e) & Communication Digitale (F/H/X) / Poste en alternance;Entreprise non communiquée;Anonyme;Chargé / Chargée de marketing digital;92 - Montrouge;Île-de-France;Cont. professionnalisation;Non précisé;1;0;1;1;"";"";2026-09-23;1;"";https://candidat.francetravail.fr/offres/recherche/detail/7134975
7135012;Alternance Assistant commercial et communication - Paris (F/H);Entreprise non communiquée;Anonyme;Chargé / Chargée des relations publiques;75 - Paris;Île-de-France;Cont. professionnalisation;Non précisé;0;0;1;0;"";"";2026-09-23;1;"";https://candidat.francetravail.fr/offres/recherche/detail/7135012
7137861;Alternance - Assistant(e) Communication & Réseaux Sociaux H/F;Entreprise non communiquée;Anonyme;Social media manager - Responsable des médias sociaux;32 - Auch;Autres régions;Cont. professionnalisation;Non précisé;1;1;0;0;"";"";2026-09-23;1;"";https://candidat.francetravail.fr/offres/recherche/detail/7137861
7135114;Alternance Assistant Community Manager - Paris (F/H);Entreprise non communiquée;Anonyme;Community manager;75 - Paris;Île-de-France;Cont. professionnalisation;Non précisé;1;0;0;0;"";"";2026-09-23;1;"";https://candidat.francetravail.fr/offres/recherche/detail/7135114
7110775;Community manager (H/F);Entreprise non communiquée;Anonyme;Community manager;13 - Saint-Victoret;Autres régions;Contrat apprentissage;Non précisé;1;0;0;0;"";"";2026-09-23;1;"";https://candidat.francetravail.fr/offres/recherche/detail/7110775
7135042;Alternance Assistant(e) Commercial(e) & Marketing Digital - Paris (F/H);Entreprise non communiquée;Anonyme;Chargé / Chargée de marketing digital;75 - Paris;Île-de-France;Cont. professionnalisation;Non précisé;1;1;1;0;"";"";2026-09-23;1;"";https://candidat.francetravail.fr/offres/recherche/detail/7135042
7135146;Alternance Assistant marketing communication - Cherbourg-en-Cotentin (F/H);Entreprise non communiquée;Anonyme;Assistant / Assistante marketing;50 - Cherbourg-en-Cotentin;Autres régions;Cont. professionnalisation;Non précisé;1;0;0;0;"";"";2026-09-23;1;"";https://candidat.francetravail.fr/offres/recherche/detail/7135146
7135177;Alternance Assistant(e) Communication - Cognac (F/H);Entreprise non communiquée;Anonyme;Chargé / Chargée des relations publiques;16 - Cognac;Autres régions;Cont. professionnalisation;Non précisé;0;0;0;0;"";"";2026-09-23;1;Hors de nos parcours;https://candidat.francetravail.fr/offres/recherche/detail/7135177
7097104;Réceptionnaire après-vente (H/F);Entreprise non communiquée;Anonyme;Chargé / Chargée de relation client;35 - Pacé;Autres régions;Cont. professionnalisation;Non précisé;0;1;0;0;"";"";2026-09-22;1;"";https://candidat.francetravail.fr/offres/recherche/detail/7097104
7096546;Alternance Assistant(e) communication Social Media et Influence - Paris (F/H);Entreprise non communiquée;Anonyme;Social media manager - Responsable des médias sociaux;75 - Paris;Île-de-France;Cont. professionnalisation;Non précisé;1;0;0;0;"";"";2026-09-22;1;"";https://candidat.francetravail.fr/offres/recherche/detail/7096546
214GHRZ;COMMUNITY MANAGER EN ALTERNANCE (H/F);Entreprise non communiquée;Anonyme;Assistant / Assistante marketing;971 - BAIE MAHAULT;Autres régions;Contrat apprentissage;Non précisé;1;1;0;0;"";Vente à distance sur catalogue général;2026-09-22;1;"";https://candidat.francetravail.fr/offres/recherche/detail/214GHRZ
7032628;Alternance Community Manager - Besançon (F/H);Entreprise non communiquée;Anonyme;Community manager;25 - Besançon;Autres régions;Cont. professionnalisation;Non précisé;1;0;0;0;"";"";2026-09-19;1;"";https://candidat.francetravail.fr/offres/recherche/detail/7032628
7032581;Alternance Alternance en Communication - Saint-Priest (F/H);Entreprise non communiquée;Anonyme;Community manager;23 - Saint-Priest;Autres régions;Cont. professionnalisation;Non précisé;1;0;0;0;"";"";2026-09-19;1;"";https://candidat.francetravail.fr/offres/recherche/detail/7032581
7032639;Alternance Community Manager - Strasbourg (F/H);Entreprise non communiquée;Anonyme;Community manager;67 - Strasbourg;Autres régions;Cont. professionnalisation;Non précisé;1;0;0;0;"";"";2026-09-19;1;"";https://candidat.francetravail.fr/offres/recherche/detail/7032639
7032571;Alternance Chargé(e) de communication - Morangis (F/H);Entreprise non communiquée;Anonyme;Chargé / Chargée de communication;51 - Morangis;Autres régions;Cont. professionnalisation;Non précisé;1;0;0;0;"";"";2026-09-19;1;"";https://candidat.francetravail.fr/offres/recherche/detail/7032571
7032633;Alternance Chargé de communication - Avignon (F/H);Entreprise non communiquée;Anonyme;Chef / Cheffe de projet événementiel;84 - Avignon;Autres régions;Cont. professionnalisation;Non précisé;0;0;0;0;"";"";2026-09-19;1;Hors de nos parcours;https://candidat.francetravail.fr/offres/recherche/detail/7032633
7032588;Alternance Chargé de coordination - Marseille (F/H);Entreprise non communiquée;Anonyme;Chef / Cheffe de projet événementiel;13 - Marseille;Autres régions;Cont. professionnalisation;Non précisé;0;0;0;0;"";"";2026-09-19;1;Hors de nos parcours;https://candidat.francetravail.fr/offres/recherche/detail/7032588
7031111;Chargé de Relation Client H/F en alternance;Entreprise non communiquée;Anonyme;Chargé / Chargée de relation client;75 - Paris;Île-de-France;Cont. professionnalisation;Non précisé;0;1;0;0;"";"";2026-09-19;1;"";https://candidat.francetravail.fr/offres/recherche/detail/7031111
7031054;Conseiller Relation Clients en alternance H/F;Entreprise non communiquée;Anonyme;Chargé / Chargée de relation client;75 - Paris;Île-de-France;Cont. professionnalisation;Non précisé;0;1;0;0;"";"";2026-09-19;1;"";https://candidat.francetravail.fr/offres/recherche/detail/7031054
7032657;Alternance charge de communication digitale - Champs-sur-Marne (F/H);Entreprise non communiquée;Anonyme;Chargé / Chargée des relations publiques;77 - Champs-sur-Marne;Île-de-France;Cont. professionnalisation;Non précisé;1;0;0;0;"";"";2026-09-19;1;"";https://candidat.francetravail.fr/offres/recherche/detail/7032657
7032663;Alternance Chargé de Communication Digital - Paris (F/H);Entreprise non communiquée;Anonyme;Chargé / Chargée des relations publiques;75 - Paris;Île-de-France;Cont. professionnalisation;Non précisé;1;0;0;0;"";"";2026-09-19;1;"";https://candidat.francetravail.fr/offres/recherche/detail/7032663
7032637;Alternance COMMUNITY MANAGER - Villemomble (F/H);Entreprise non communiquée;Anonyme;Community manager;93 - Villemomble;Île-de-France;Cont. professionnalisation;Non précisé;1;0;0;0;"";"";2026-09-19;1;"";https://candidat.francetravail.fr/offres/recherche/detail/7032637
7032609;Alternance COMMUNITY MANAGER - Paris (F/H);Entreprise non communiquée;Anonyme;Community manager;75 - Paris;Île-de-France;Cont. professionnalisation;Non précisé;1;0;0;0;"";"";2026-09-19;1;"";https://candidat.francetravail.fr/offres/recherche/detail/7032609
7032653;Alternance Assistant Business Development & Stratégie Digitale - Paris (F/H);Entreprise non communiquée;Anonyme;Chargé / Chargée de marketing digital;75 - Paris;Île-de-France;Cont. professionnalisation;Non précisé;1;0;1;0;"";"";2026-09-19;1;"";https://candidat.francetravail.fr/offres/recherche/detail/7032653
6993162;Assistant communication/marketing en alt (H/F);ESUP LYON;École / CFA;Assistant / Assistante marketing;69 - Lyon 9e Arrondissement;Auvergne-Rhône-Alpes;Cont. professionnalisation;Bac+2/3;1;0;0;0;Annuel de 5000.0 Euros à 10000.0 Euros - prise en charge de la formation ;Activités des agences de travail temporaire;2026-09-18;1;Publiée par une école ou un CFA;https://candidat.francetravail.fr/offres/recherche/detail/6993162
6988091;Assistant(e) d'agence H/F;Entreprise non communiquée;Anonyme;Assistant / Assistante en publicité;17 - Rochelle;Autres régions;Cont. professionnalisation;Non précisé;1;0;0;0;"";"";2026-09-18;1;"";https://candidat.francetravail.fr/offres/recherche/detail/6988091
6988138;Alternance community manager - Paris (F/H);Entreprise non communiquée;Anonyme;Community manager;75 - Paris;Île-de-France;Cont. professionnalisation;Non précisé;1;0;0;0;"";"";2026-09-18;1;"";https://candidat.francetravail.fr/offres/recherche/detail/6988138
6993184;Apprenti communication (H/F);ESUP LYON;École / CFA;Chargé / Chargée des relations publiques;01 - Bourg-en-Bresse;Auvergne-Rhône-Alpes;Cont. professionnalisation;Bac+2/3;0;0;0;0;Annuel de 5000.0 Euros à 10000.0 Euros - prise en charge de la formation ;Activités des agences de travail temporaire;2026-09-18;1;Publiée par une école ou un CFA;https://candidat.francetravail.fr/offres/recherche/detail/6993184
6945068;Conseiller de vente (H/F);Entreprise non communiquée;Anonyme;Chargé / Chargée de relation client;91 - Quincy-sous-Sénart;Île-de-France;Contrat apprentissage;Non précisé;0;1;0;0;Annuel de 480.0 Euros à 1801.0 Euros;"";2026-09-17;1;Poste de premier niveau;https://candidat.francetravail.fr/offres/recherche/detail/6945068
6944880;Conseiller de vente (H/F);Entreprise non communiquée;Anonyme;Chargé / Chargée de relation client;75 - Paris 9e Arrondissement;Île-de-France;Contrat apprentissage;Non précisé;0;1;0;0;Mensuel de 486.0 Euros à 1801.0 Euros;"";2026-09-17;1;Poste de premier niveau;https://candidat.francetravail.fr/offres/recherche/detail/6944880
6944855;Conseiller de vente (H/F);Entreprise non communiquée;Anonyme;Chargé / Chargée de relation client;91 - Ville-du-Bois;Île-de-France;Contrat apprentissage;Non précisé;0;1;0;0;Annuel de 486.0 Euros à 1801.0 Euros;"";2026-09-17;1;Poste de premier niveau;https://candidat.francetravail.fr/offres/recherche/detail/6944855
6945077;Conseiller de vente (H/F);Entreprise non communiquée;Anonyme;Chargé / Chargée de relation client;95 - Sarcelles;Île-de-France;Contrat apprentissage;Non précisé;0;1;0;0;Annuel de 480.0 Euros à 1801.0 Euros;"";2026-09-17;1;Poste de premier niveau;https://candidat.francetravail.fr/offres/recherche/detail/6945077
6944627;Conseiller de vente (H/F);Entreprise non communiquée;Anonyme;Chargé / Chargée de relation client;91 - Sainte-Geneviève-des-Bois;Île-de-France;Contrat apprentissage;Non précisé;0;1;0;0;Annuel de 486.0 Euros à 1801.0 Euros;"";2026-09-17;1;Poste de premier niveau;https://candidat.francetravail.fr/offres/recherche/detail/6944627
6944535;Conseiller de vente (H/F);Entreprise non communiquée;Anonyme;Chargé / Chargée de relation client;91 - Évry-Courcouronnes;Île-de-France;Contrat apprentissage;Bac+2/3;0;1;0;0;Annuel de 486.0 Euros à 1801.0 Euros;"";2026-09-17;1;Vise un Bac+2/3;https://candidat.francetravail.fr/offres/recherche/detail/6944535
6944510;Conseiller de vente (H/F);Entreprise non communiquée;Anonyme;Chargé / Chargée de relation client;91 - Évry-Courcouronnes;Île-de-France;Contrat apprentissage;Non précisé;0;1;0;0;Annuel de 486.0 Euros à 1801.0 Euros;"";2026-09-17;1;Poste de premier niveau;https://candidat.francetravail.fr/offres/recherche/detail/6944510
6944508;Conseiller de vente (H/F);Entreprise non communiquée;Anonyme;Chargé / Chargée de relation client;59 - Lille;Autres régions;Contrat apprentissage;Non précisé;0;1;0;0;Annuel de 487.0 Euros à 1807.0 Euros;"";2026-09-17;1;Poste de premier niveau;https://candidat.francetravail.fr/offres/recherche/detail/6944508
6945065;Conseiller de vente (H/F);Entreprise non communiquée;Anonyme;Chargé / Chargée de relation client;77 - Varennes-sur-Seine;Île-de-France;Contrat apprentissage;Non précisé;0;1;0;0;Annuel de 480.0 Euros à 1801.0 Euros;"";2026-09-17;1;Poste de premier niveau;https://candidat.francetravail.fr/offres/recherche/detail/6945065
6944599;Assistant d'agence (H/F);Entreprise non communiquée;Anonyme;Assistant / Assistante en publicité;67 - Eckbolsheim;Autres régions;Contrat apprentissage;Non précisé;1;0;0;0;Annuel de 486.0 Euros à 1801.0 Euros;"";2026-09-17;1;"";https://candidat.francetravail.fr/offres/recherche/detail/6944599
6964851;Alternance Chargé(e) de développement de l'offre et du référencement produits H/F;Entreprise non communiquée;Anonyme;Chef / Cheffe de promotion des ventes;06 - Nice;Autres régions;Cont. professionnalisation;Non précisé;0;1;0;0;"";"";2026-09-17;1;"";https://candidat.francetravail.fr/offres/recherche/detail/6964851
6944138;Conseiller de vente (H/F);Entreprise non communiquée;Anonyme;Chargé / Chargée de relation client;92 - Neuilly-sur-Seine;Île-de-France;Contrat apprentissage;Non précisé;0;1;0;0;Annuel de 486.0 Euros à 1801.0 Euros;"";2026-09-17;1;Poste de premier niveau;https://candidat.francetravail.fr/offres/recherche/detail/6944138
6944102;Conseiller de vente (H/F);Entreprise non communiquée;Anonyme;Chargé / Chargée de relation client;75 - Paris 9e Arrondissement;Île-de-France;Contrat apprentissage;Non précisé;0;1;0;0;Annuel de 486.0 Euros à 1801.0 Euros;"";2026-09-17;1;Poste de premier niveau;https://candidat.francetravail.fr/offres/recherche/detail/6944102
6944056;Conseiller de vente (H/F);Entreprise non communiquée;Anonyme;Chargé / Chargée de relation client;92 - Levallois-Perret;Île-de-France;Contrat apprentissage;Non précisé;0;1;0;0;Annuel de 486.0 Euros à 1801.0 Euros;"";2026-09-17;1;Poste de premier niveau;https://candidat.francetravail.fr/offres/recherche/detail/6944056
6943883;Conseiller de vente (H/F);Entreprise non communiquée;Anonyme;Chargé / Chargée de relation client;95 - Persan;Île-de-France;Contrat apprentissage;Bac+2/3;0;1;0;0;Mensuel de 486.0 Euros à 1801.0 Euros;"";2026-09-17;1;Vise un Bac+2/3;https://candidat.francetravail.fr/offres/recherche/detail/6943883
6944573;Community manager (H/F);Entreprise non communiquée;Anonyme;Community manager;59 - Lille;Autres régions;Contrat apprentissage;Non précisé;1;1;0;0;Annuel de 489.0 Euros à 1801.0 Euros;"";2026-09-17;1;"";https://candidat.francetravail.fr/offres/recherche/detail/6944573
6945020;Conseiller de vente (H/F);Entreprise non communiquée;École / CFA;Chargé / Chargée de relation client;38 - Salaise-sur-Sanne;Auvergne-Rhône-Alpes;Contrat apprentissage;Bac+2/3;0;1;0;0;Mensuel de 486.0 Euros;"";2026-09-17;1;Publiée par une école ou un CFA;https://candidat.francetravail.fr/offres/recherche/detail/6945020
6943825;Conseiller de vente (H/F);Entreprise non communiquée;Anonyme;Chargé / Chargée de relation client;95 - Cergy;Île-de-France;Contrat apprentissage;Non précisé;0;1;0;0;Mensuel de 486.0 Euros à 1801.0 Euros;"";2026-09-17;1;Poste de premier niveau;https://candidat.francetravail.fr/offres/recherche/detail/6943825
6966293;Alternance Assistant(e) Marketing & Communication - Paris (F/H);Entreprise non communiquée;Anonyme;Assistant / Assistante marketing;75 - Paris;Île-de-France;Cont. professionnalisation;Non précisé;1;0;0;0;"";"";2026-09-17;1;"";https://candidat.francetravail.fr/offres/recherche/detail/6966293
6944979;Conseiller de vente (H/F);Entreprise non communiquée;Anonyme;Chargé / Chargée de relation client;45 - Amilly;Autres régions;Contrat apprentissage;Non précisé;0;1;0;0;Annuel de 480.0 Euros à 1801.0 Euros;"";2026-09-17;1;Poste de premier niveau;https://candidat.francetravail.fr/offres/recherche/detail/6944979
6944972;Conseiller de vente (H/F);Entreprise non communiquée;Anonyme;Chargé / Chargée de relation client;37 - Tours;Autres régions;Contrat apprentissage;Non précisé;0;1;0;0;Annuel de 480.0 Euros à 1801.0 Euros;"";2026-09-17;1;Poste de premier niveau;https://candidat.francetravail.fr/offres/recherche/detail/6944972
6930115;Alternance chargé de communication digitale et assistance de gestion - Pfastatt (F/H);Entreprise non communiquée;Anonyme;Chargé / Chargée des relations publiques;68 - Pfastatt;Autres régions;Cont. professionnalisation;Non précisé;1;0;0;0;"";"";2026-09-16;1;"";https://candidat.francetravail.fr/offres/recherche/detail/6930115
6928579;Alternance - Chargé(e) de Communication & Réseaux Sociaux H.F H/F;Entreprise non communiquée;Anonyme;Social media manager - Responsable des médias sociaux;75 - Paris;Île-de-France;Cont. professionnalisation;Non précisé;1;0;0;0;"";"";2026-09-16;1;"";https://candidat.francetravail.fr/offres/recherche/detail/6928579
6897462;Alternance Community Manager en agence - Paris (F/H);Entreprise non communiquée;Anonyme;Community manager;75 - Paris;Île-de-France;Cont. professionnalisation;Non précisé;1;0;0;0;"";"";2026-09-15;1;"";https://candidat.francetravail.fr/offres/recherche/detail/6897462
6897516;Alternance Assistant communication - Paris (F/H);Entreprise non communiquée;Anonyme;Chargé / Chargée des relations publiques;75 - Paris;Île-de-France;Cont. professionnalisation;Non précisé;0;0;0;0;"";"";2026-09-15;1;Hors de nos parcours;https://candidat.francetravail.fr/offres/recherche/detail/6897516
6897466;Alternance Assistant(e) Communication - Alternance - Paris (F/H);Entreprise non communiquée;Anonyme;Chargé / Chargée des relations publiques;75 - Paris;Île-de-France;Cont. professionnalisation;Non précisé;0;0;0;0;"";"";2026-09-15;1;Hors de nos parcours;https://candidat.francetravail.fr/offres/recherche/detail/6897466
6897558;COMMUNITY MANAGER EN ALTERNANCE H/F;Entreprise non communiquée;Anonyme;Community manager;59 - Marquette-lez-Lille;Autres régions;Cont. professionnalisation;Non précisé;1;1;0;0;"";"";2026-09-15;1;"";https://candidat.francetravail.fr/offres/recherche/detail/6897558
213TWTH;Merchandiser;Entreprise non communiquée;Anonyme;Chargé / Chargée de merchandising;974 - LE TAMPON;Autres régions;Contrat apprentissage;Non précisé;0;1;0;0;"";Fabrication de pâtes alimentaires;2026-09-14;1;"";https://candidat.francetravail.fr/offres/recherche/detail/213TWTH
213TWKX;Alternant(e) Commerce - E-commerce (H/F);Entreprise non communiquée;Anonyme;Assistant / Assistante e-commerce;59 - TETEGHEM COUDEKERQUE VILLAGE;Autres régions;Contrat apprentissage;Bac+2/3;0;1;0;1;"";Commerce de gros (commerce interentreprises) non spécialisé;2026-09-13;1;Vise un Bac+2/3;https://candidat.francetravail.fr/offres/recherche/detail/213TWKX
6847882;Alternance Chargé administratif et communication. - Montrouge (F/H);Entreprise non communiquée;Anonyme;Chargé / Chargée des relations publiques;92 - Montrouge;Île-de-France;Cont. professionnalisation;Non précisé;0;0;0;0;"";"";2026-09-12;1;Hors de nos parcours;https://candidat.francetravail.fr/offres/recherche/detail/6847882
6847932;Alternance Production de Contenus Marketing - Vidéo & Communication Digitale - Paris (F/H);Entreprise non communiquée;Anonyme;Chargé / Chargée des relations publiques;75 - Paris;Île-de-France;Cont. professionnalisation;Non précisé;1;0;0;0;"";"";2026-09-12;1;"";https://candidat.francetravail.fr/offres/recherche/detail/6847932
6847915;Alternance Chargé(e) Marketing - Paris (F/H);Entreprise non communiquée;Anonyme;Responsable marketing;75 - Paris;Île-de-France;Cont. professionnalisation;Non précisé;1;0;0;0;"";"";2026-09-12;1;"";https://candidat.francetravail.fr/offres/recherche/detail/6847915
6847846;Assistant(e) d'agence H/F;Entreprise non communiquée;Anonyme;Assistant / Assistante en publicité;45 - Montargis;Autres régions;Cont. professionnalisation;Non précisé;1;0;0;0;"";"";2026-09-12;1;"";https://candidat.francetravail.fr/offres/recherche/detail/6847846
6847904;Alternance Community Manager - Miramas (F/H);Entreprise non communiquée;Anonyme;Community manager;13 - Miramas;Autres régions;Cont. professionnalisation;Non précisé;1;0;0;0;"";"";2026-09-12;1;"";https://candidat.francetravail.fr/offres/recherche/detail/6847904
6847910;Alternance Assistant(e) de Communication - Rennes (F/H);Entreprise non communiquée;Anonyme;Chargé / Chargée des relations publiques;35 - Rennes;Autres régions;Cont. professionnalisation;Non précisé;0;1;0;0;"";"";2026-09-12;1;"";https://candidat.francetravail.fr/offres/recherche/detail/6847910
6847887;Alternance Chargé Relation Client - Paris (F/H);Entreprise non communiquée;Anonyme;Chargé / Chargée de relation client;75 - Paris;Île-de-France;Cont. professionnalisation;Non précisé;0;1;0;0;"";"";2026-09-12;1;"";https://candidat.francetravail.fr/offres/recherche/detail/6847887
6847883;Alternance Chargé(e) de Communication & Marketing en alternance - Montrouge (F/H);Entreprise non communiquée;Anonyme;Chef / Cheffe de projet événementiel;92 - Montrouge;Île-de-France;Cont. professionnalisation;Non précisé;1;0;0;0;"";"";2026-09-12;1;"";https://candidat.francetravail.fr/offres/recherche/detail/6847883
6846727;Alternance - Chargé(e) de communication H/F;Entreprise non communiquée;Anonyme;Chargé / Chargée de communication;06 - Villeneuve-Loubet;Autres régions;Cont. professionnalisation;Non précisé;1;0;0;0;"";"";2026-09-12;1;"";https://candidat.francetravail.fr/offres/recherche/detail/6846727
6846763;Alternance Chargé de communication H/F;Entreprise non communiquée;Anonyme;Chargé / Chargée de communication;06 - Antibes;Autres régions;Cont. professionnalisation;Non précisé;1;0;0;0;"";"";2026-09-12;1;"";https://candidat.francetravail.fr/offres/recherche/detail/6846763
6827343;Alternance Chargé de communication - Bordeaux (F/H);Entreprise non communiquée;Anonyme;Chef / Cheffe de projet événementiel;33 - Bordeaux;Autres régions;Cont. professionnalisation;Non précisé;0;0;0;0;"";"";2026-09-11;1;Hors de nos parcours;https://candidat.francetravail.fr/offres/recherche/detail/6827343
6827320;Alternance Community Manager - Antibes (F/H);Entreprise non communiquée;Anonyme;Community manager;06 - Antibes;Autres régions;Cont. professionnalisation;Non précisé;1;0;0;0;"";"";2026-09-11;1;"";https://candidat.francetravail.fr/offres/recherche/detail/6827320
6827315;Alternance Chargé(e) de Communication en association - Paris (F/H);Entreprise non communiquée;Anonyme;Chargé / Chargée des relations publiques;75 - Paris;Île-de-France;Cont. professionnalisation;Non précisé;0;0;0;0;"";"";2026-09-11;1;Hors de nos parcours;https://candidat.francetravail.fr/offres/recherche/detail/6827315
6827316;Alternance Chargé Communication. - Paris (F/H);Entreprise non communiquée;Anonyme;Chargé / Chargée des relations publiques;75 - Paris;Île-de-France;Cont. professionnalisation;Non précisé;0;0;0;0;"";"";2026-09-11;1;Hors de nos parcours;https://candidat.francetravail.fr/offres/recherche/detail/6827316
6827347;Alternance Assistant marketing et évènementiel - Paris (F/H);Entreprise non communiquée;Anonyme;Chargé / Chargée des relations publiques;75 - Paris;Île-de-France;Cont. professionnalisation;Non précisé;1;0;0;0;"";"";2026-09-11;1;"";https://candidat.francetravail.fr/offres/recherche/detail/6827347
6827360;Alternance Growth hacker - Marseille (F/H);Entreprise non communiquée;Anonyme;Directeur / Directrice marketing digital;13 - Marseille;Autres régions;Cont. professionnalisation;Non précisé;1;0;0;0;"";"";2026-09-11;1;"";https://candidat.francetravail.fr/offres/recherche/detail/6827360
6827346;Alternance Growth hacker - Aix-en-Provence (F/H);Entreprise non communiquée;Anonyme;Directeur / Directrice marketing digital;13 - Aix-en-Provence;Autres régions;Cont. professionnalisation;Non précisé;1;0;0;0;"";"";2026-09-11;1;"";https://candidat.francetravail.fr/offres/recherche/detail/6827346
6827348;Alternance Business Developer & Communication (Marketing Digital & IA) H/F - Vitry-sur-Seine (F/H);Entreprise non communiquée;Anonyme;Chargé / Chargée de marketing digital;94 - Vitry-sur-Seine;Île-de-France;Cont. professionnalisation;Non précisé;1;0;1;0;"";"";2026-09-11;1;"";https://candidat.francetravail.fr/offres/recherche/detail/6827348
6799864;Alternance Chargé(e) commercial - Paris (F/H);Entreprise non communiquée;Anonyme;Responsable marketing;75 - Paris;Île-de-France;Cont. professionnalisation;Non précisé;1;0;1;0;"";"";2026-09-10;1;"";https://candidat.francetravail.fr/offres/recherche/detail/6799864
6799855;Alternance Assistant commercial et marketing - Paron (F/H);Entreprise non communiquée;Anonyme;Assistant / Assistante marketing;89 - Paron;Autres régions;Cont. professionnalisation;Non précisé;1;0;1;0;"";"";2026-09-10;1;"";https://candidat.francetravail.fr/offres/recherche/detail/6799855
6799860;Alternance assistant communication et commercial - Marseille (F/H);Entreprise non communiquée;Anonyme;Chargé / Chargée des relations publiques;13 - Marseille;Autres régions;Cont. professionnalisation;Non précisé;0;0;1;0;"";"";2026-09-10;1;"";https://candidat.francetravail.fr/offres/recherche/detail/6799860
6799751;Alternance Assistant Développement Web et e-commerce - Carcassonne (F/H);Entreprise non communiquée;Anonyme;Assistant / Assistante e-commerce;11 - Carcassonne;Autres régions;Cont. professionnalisation;Non précisé;1;1;0;0;"";"";2026-09-10;1;"";https://candidat.francetravail.fr/offres/recherche/detail/6799751
6767807;Alternance Rédacteur web SEO - Dainville (F/H);Entreprise non communiquée;Anonyme;Référenceur / Référenceuse web;62 - Dainville;Autres régions;Cont. professionnalisation;Non précisé;1;0;0;0;"";"";2026-09-09;1;"";https://candidat.francetravail.fr/offres/recherche/detail/6767807
213QVBD;Alternant(e) Communication & Secrétariat Médical H/F (H/F);Entreprise non communiquée;Anonyme;Chargé / Chargée des relations publiques;93 - NEUILLY SUR MARNE;Île-de-France;Contrat apprentissage;Non précisé;0;1;0;0;"";Commerce de détail d'articles médicaux et orthopédiques en magasin spécialisé;2026-09-09;1;"";https://candidat.francetravail.fr/offres/recherche/detail/213QVBD
6767839;Alternance Chargé Commercial et Relation Client - Paris (F/H);Entreprise non communiquée;Anonyme;Chargé / Chargée de relation client;75 - Paris;Île-de-France;Cont. professionnalisation;Non précisé;0;1;1;0;"";"";2026-09-09;1;"";https://candidat.francetravail.fr/offres/recherche/detail/6767839
213QZPC;Chargé / Chargée de communication ( en alternance) (H/F);Entreprise non communiquée;Anonyme;Chargé / Chargée de communication;972 - LE LAMENTIN;Autres régions;Contrat apprentissage;Non précisé;1;0;0;0;"";Activités des sociétés holding;2026-09-09;1;"";https://candidat.francetravail.fr/offres/recherche/detail/213QZPC
6767823;Alternance Chargé.e de communication - Paris (F/H);Entreprise non communiquée;Anonyme;Chargé / Chargée de communication;75 - Paris;Île-de-France;Cont. professionnalisation;Non précisé;1;0;0;0;"";"";2026-09-09;1;"";https://candidat.francetravail.fr/offres/recherche/detail/6767823
6729304;Alternance Assistant(e) Communication & E-Commerce - Vailhauquès (F/H);Entreprise non communiquée;Anonyme;Assistant / Assistante e-commerce;34 - Vailhauquès;Autres régions;Cont. professionnalisation;Non précisé;0;1;0;0;"";"";2026-09-08;1;"";https://candidat.francetravail.fr/offres/recherche/detail/6729304
6729288;Alternance Ingénieur d'affaires - Vitrolles (F/H);Entreprise non communiquée;Anonyme;Chef / Cheffe de promotion des ventes;05 - Vitrolles;Autres régions;Cont. professionnalisation;Non précisé;0;1;1;0;"";"";2026-09-08;1;"";https://candidat.francetravail.fr/offres/recherche/detail/6729288
6729302;Assistant(e) d'agence en alternance H/F;Entreprise non communiquée;Anonyme;Assistant / Assistante en publicité;82 - Montauban;Autres régions;Cont. professionnalisation;Non précisé;1;0;0;0;"";"";2026-09-08;1;"";https://candidat.francetravail.fr/offres/recherche/detail/6729302
6667398;Alternance Assistant Web Marketing - Le Haillan (F/H);Entreprise non communiquée;Anonyme;Directeur / Directrice marketing digital;33 - Haillan;Autres régions;Cont. professionnalisation;Non précisé;1;0;0;0;"";"";2026-09-05;1;"";https://candidat.francetravail.fr/offres/recherche/detail/6667398
6667448;Alternance Junior Communication Manager - Morangis (F/H);Entreprise non communiquée;Anonyme;Community manager;51 - Morangis;Autres régions;Cont. professionnalisation;Non précisé;1;0;0;0;"";"";2026-09-05;1;"";https://candidat.francetravail.fr/offres/recherche/detail/6667448
6667434;Alternance Assistant Marketing Communication - Lille (F/H);Entreprise non communiquée;Anonyme;Responsable marketing;59 - Lille;Autres régions;Cont. professionnalisation;Non précisé;1;0;0;0;"";"";2026-09-05;1;"";https://candidat.francetravail.fr/offres/recherche/detail/6667434
6667440;Alternance Assistant(e) communication & évènementiel - Charmont-sous-Barbuise (F/H);Entreprise non communiquée;Anonyme;Chef / Cheffe de projet événementiel;10 - Charmont-sous-Barbuise;Autres régions;Cont. professionnalisation;Non précisé;0;0;0;0;"";"";2026-09-05;1;Hors de nos parcours;https://candidat.francetravail.fr/offres/recherche/detail/6667440
6667474;Alternance assistant vendeur et marketing - Montpellier (F/H);Entreprise non communiquée;Anonyme;Assistant / Assistante marketing;34 - Montpellier;Autres régions;Cont. professionnalisation;Non précisé;1;0;0;0;"";"";2026-09-05;1;Poste de premier niveau;https://candidat.francetravail.fr/offres/recherche/detail/6667474
6667431;Alternance Chargé(e) de Communication - Lens (F/H);Entreprise non communiquée;Anonyme;Chargé / Chargée de communication;62 - Lens;Autres régions;Cont. professionnalisation;Non précisé;1;0;0;0;"";"";2026-09-05;1;"";https://candidat.francetravail.fr/offres/recherche/detail/6667431
6625235;Alternance Assistant administratif et Marketing - Paris (F/H);Entreprise non communiquée;Anonyme;Assistant / Assistante marketing;75 - Paris;Île-de-France;Cont. professionnalisation;Non précisé;1;0;0;0;"";"";2026-09-04;1;"";https://candidat.francetravail.fr/offres/recherche/detail/6625235
6591269;Conseiller de vente (H/F);Entreprise non communiquée;Anonyme;Chargé / Chargée de relation client;92 - Villeneuve-la-Garenne;Île-de-France;Contrat apprentissage;Non précisé;0;1;0;0;Annuel de 480.0 Euros à 1801.0 Euros;"";2026-09-04;1;Poste de premier niveau;https://candidat.francetravail.fr/offres/recherche/detail/6591269
6591182;Conseiller de vente (H/F);Entreprise non communiquée;Anonyme;Chargé / Chargée de relation client;91 - Sainte-Geneviève-des-Bois;Île-de-France;Contrat apprentissage;Bac+2/3;0;1;0;0;Annuel de 486.0 Euros à 1801.0 Euros;"";2026-09-04;1;Vise un Bac+2/3;https://candidat.francetravail.fr/offres/recherche/detail/6591182
6591602;Conseiller de vente (H/F);Entreprise non communiquée;Anonyme;Chargé / Chargée de relation client;93 - Bobigny;Île-de-France;Contrat apprentissage;Non précisé;0;1;0;0;Annuel de 480.0 Euros à 1801.0 Euros;"";2026-09-04;1;Poste de premier niveau;https://candidat.francetravail.fr/offres/recherche/detail/6591602
6625199;Alternance Transformation Digitale, Data et IA - Montreuil (F/H);Entreprise non communiquée;Anonyme;Chef / Cheffe de projet Web;Île-de-France;Île-de-France;Cont. professionnalisation;Non précisé;1;0;0;0;"";"";2026-09-04;1;"";https://candidat.francetravail.fr/offres/recherche/detail/6625199
6625257;Alternance Gestionnaire ADV - Paris (F/H);Entreprise non communiquée;Anonyme;Chef / Cheffe de projet événementiel;75 - Paris;Île-de-France;Cont. professionnalisation;Non précisé;0;0;1;0;"";"";2026-09-04;1;"";https://candidat.francetravail.fr/offres/recherche/detail/6625257
6576325;Assistant(e) d'agence en alternance H/F;Entreprise non communiquée;Anonyme;Assistant / Assistante en publicité;13 - Châteauneuf-les-Martigues;Autres régions;Cont. professionnalisation;Non précisé;1;0;0;0;"";"";2026-09-03;1;"";https://candidat.francetravail.fr/offres/recherche/detail/6576325
6576371;Alternance Chargé de Projets Marketing digital - Paris (F/H);Entreprise non communiquée;Anonyme;Chargé / Chargée de marketing digital;75 - Paris;Île-de-France;Cont. professionnalisation;Non précisé;1;0;0;0;"";"";2026-09-03;1;"";https://candidat.francetravail.fr/offres/recherche/detail/6576371
6576311;Alternance Assistant chef de projet digital client - Paris (F/H);Entreprise non communiquée;Anonyme;Chef / Cheffe de projet Web;75 - Paris;Île-de-France;Cont. professionnalisation;Non précisé;1;0;0;0;"";"";2026-09-03;1;"";https://candidat.francetravail.fr/offres/recherche/detail/6576311
6576277;Alternance Community Manager dans la restauration - Nice (F/H);Entreprise non communiquée;Anonyme;Community manager;06 - Nice;Autres régions;Cont. professionnalisation;Non précisé;1;0;0;0;"";"";2026-09-03;1;"";https://candidat.francetravail.fr/offres/recherche/detail/6576277
6576373;Alternance Technico Commercial - Saint-Laurent-du-Var (F/H);Entreprise non communiquée;Anonyme;Chef / Cheffe de promotion des ventes;06 - Saint-Laurent-du-Var;Autres régions;Cont. professionnalisation;Non précisé;0;1;1;0;"";"";2026-09-03;1;"";https://candidat.francetravail.fr/offres/recherche/detail/6576373
6520882;Alternance Assistant(e) E-commerce, CRM & Marketing Digital - Alternance - Paris (F/H);Entreprise non communiquée;Anonyme;Assistant / Assistante e-commerce;75 - Paris;Île-de-France;Cont. professionnalisation;Non précisé;1;1;0;0;"";"";2026-09-02;1;"";https://candidat.francetravail.fr/offres/recherche/detail/6520882
6418740;Alternance Chargé de communication digitale - Éragny (F/H);Entreprise non communiquée;Anonyme;Chargé / Chargée des relations publiques;95 - Éragny-sur-Oise;Île-de-France;Cont. professionnalisation;Non précisé;1;0;0;0;"";"";2026-08-29;1;"";https://candidat.francetravail.fr/offres/recherche/detail/6418740
6398666;Conseiller de vente (H/F);Entreprise non communiquée;Anonyme;Chargé / Chargée de relation client;77 - Servon;Île-de-France;Contrat apprentissage;Non précisé;0;1;0;0;Annuel de 480.0 Euros à 1801.0 Euros;"";2026-08-29;1;Poste de premier niveau;https://candidat.francetravail.fr/offres/recherche/detail/6398666
6417550;Alternance Chargé(e) de Communication H/F;Entreprise non communiquée;Anonyme;Chargé / Chargée de communication;06 - Mougins;Autres régions;Cont. professionnalisation;Bac+2/3;1;0;0;0;"";"";2026-08-29;1;Vise un Bac+2/3;https://candidat.francetravail.fr/offres/recherche/detail/6417550
6418711;Alternance Community Manager - Le Plessis-Belleville (F/H);Entreprise non communiquée;Anonyme;Community manager;60 - Plessis-Belleville;Autres régions;Cont. professionnalisation;Non précisé;1;0;0;0;"";"";2026-08-29;1;"";https://candidat.francetravail.fr/offres/recherche/detail/6418711
6398588;Conseiller de vente (H/F);Entreprise non communiquée;Anonyme;Chargé / Chargée de relation client;93 - Bondy;Île-de-France;Contrat apprentissage;Non précisé;0;1;0;0;Annuel de 480.0 Euros à 1801.0 Euros;"";2026-08-29;1;Poste de premier niveau;https://candidat.francetravail.fr/offres/recherche/detail/6398588
6383450;Community Manager (H/F);Entreprise non communiquée;Anonyme;Community manager;39 - Dole;Autres régions;Cont. professionnalisation;Non précisé;1;1;0;0;"";"";2026-08-28;1;"";https://candidat.francetravail.fr/offres/recherche/detail/6383450
6342611;Stage - Assistant.e Marketing H/F;Entreprise non communiquée;Anonyme;Assistant / Assistante marketing;92 - Malakoff;Île-de-France;Cont. professionnalisation;Non précisé;1;0;0;0;"";"";2026-08-27;1;"";https://candidat.francetravail.fr/offres/recherche/detail/6342611
212WKCW;Apprentissage Responsable Communication (H/F);Entreprise non communiquée;Anonyme;Chargé / Chargée de communication;11 - Carcassonne;Autres régions;Contrat apprentissage;Bac+2/3;1;0;0;0;Horaire de 12.31 Euros - % du smic selon l'âge;Formation continue d'adultes;2026-08-25;1;Vise un Bac+2/3;https://candidat.francetravail.fr/offres/recherche/detail/212WKCW
6266467;Alternance Chargé(e) de Webmarketing & Communication Digitale - anglais courant - Valbonne (F/H);Entreprise non communiquée;Anonyme;Responsable marketing;06 - Valbonne;Autres régions;Cont. professionnalisation;Non précisé;1;0;0;0;"";"";2026-08-25;1;"";https://candidat.francetravail.fr/offres/recherche/detail/6266467
6266543;Alternance Assistant Communication - Paris (F/H);Entreprise non communiquée;Anonyme;Chargé / Chargée des relations publiques;75 - Paris;Île-de-France;Cont. professionnalisation;Non précisé;0;0;0;0;"";"";2026-08-25;1;Hors de nos parcours;https://candidat.francetravail.fr/offres/recherche/detail/6266543
6206247;Alternance Assistant Marketing Digital - Valbonne (F/H);Entreprise non communiquée;Anonyme;Directeur / Directrice marketing digital;06 - Valbonne;Autres régions;Cont. professionnalisation;Non précisé;1;0;0;0;"";"";2026-08-22;1;"";https://candidat.francetravail.fr/offres/recherche/detail/6206247
6170324;Alternance Chargé(e) de communication - Mèze (F/H);Entreprise non communiquée;Anonyme;Chargé / Chargée de communication;34 - Mèze;Autres régions;Cont. professionnalisation;Non précisé;1;0;0;0;"";"";2026-08-21;1;"";https://candidat.francetravail.fr/offres/recherche/detail/6170324
6108578;Alternance Assistant(e) Marketing Digital & Communication - Arles (F/H);Entreprise non communiquée;Anonyme;Directeur / Directrice marketing digital;13 - Arles;Autres régions;Cont. professionnalisation;Non précisé;1;0;0;0;"";"";2026-08-19;1;"";https://candidat.francetravail.fr/offres/recherche/detail/6108578
6079342;Alternance Chargé de communication digital et événementiel - Paris (F/H);Entreprise non communiquée;Anonyme;Chargé / Chargée des relations publiques;75 - Paris;Île-de-France;Cont. professionnalisation;Non précisé;1;0;0;0;"";"";2026-08-18;1;"";https://candidat.francetravail.fr/offres/recherche/detail/6079342
6021026;Alternance Assistant(e) Marketing - Compiègne (F/H);Entreprise non communiquée;Anonyme;Assistant / Assistante marketing;60 - Compiègne;Autres régions;Cont. professionnalisation;Non précisé;1;0;0;0;"";"";2026-08-15;1;"";https://candidat.francetravail.fr/offres/recherche/detail/6021026
5993769;Assistant(e) d'agence en alternance H/F;Entreprise non communiquée;Anonyme;Assistant / Assistante en publicité;08 - Villers-Semeuse;Autres régions;Cont. professionnalisation;Non précisé;1;0;0;0;"";"";2026-08-14;1;"";https://candidat.francetravail.fr/offres/recherche/detail/5993769
5993818;Assistant(e) d'agence H/F;Entreprise non communiquée;Anonyme;Assistant / Assistante en publicité;16 - Soyaux;Autres régions;Cont. professionnalisation;Non précisé;1;0;0;0;"";"";2026-08-14;1;"";https://candidat.francetravail.fr/offres/recherche/detail/5993818
5993851;Assistant(e) d'agence H/F;Entreprise non communiquée;Anonyme;Assistant / Assistante en publicité;87 - Limoges;Autres régions;Cont. professionnalisation;Non précisé;1;0;0;0;"";"";2026-08-14;1;"";https://candidat.francetravail.fr/offres/recherche/detail/5993851
5993860;Assistant(e) d'agence H/F;Entreprise non communiquée;Anonyme;Assistant / Assistante en publicité;77 - Champs-sur-Marne;Île-de-France;Cont. professionnalisation;Non précisé;1;0;0;0;"";"";2026-08-14;1;"";https://candidat.francetravail.fr/offres/recherche/detail/5993860
5993930;Alternance community et brand content - Marseille (F/H);Entreprise non communiquée;Anonyme;Community manager;13 - Marseille;Autres régions;Cont. professionnalisation;Non précisé;1;0;0;0;"";"";2026-08-14;1;"";https://candidat.francetravail.fr/offres/recherche/detail/5993930
5993951;Alternance Assistant(e) communication - Lille (F/H);Entreprise non communiquée;Anonyme;Chargé / Chargée des relations publiques;59 - Lille;Autres régions;Cont. professionnalisation;Non précisé;0;0;0;0;"";"";2026-08-14;1;Hors de nos parcours;https://candidat.francetravail.fr/offres/recherche/detail/5993951
5993389;Employé commercial (F/H) en alternance - SCHEIBENHARD;Entreprise non communiquée;Anonyme;Chargé / Chargée de merchandising;67 - Scheibenhard;Autres régions;Cont. professionnalisation;Bac+2/3;0;1;1;0;"";"";2026-08-14;1;Vise un Bac+2/3;https://candidat.francetravail.fr/offres/recherche/detail/5993389
5993792;Assistant(e) d'agence en alternance H/F;Entreprise non communiquée;Anonyme;Assistant / Assistante en publicité;84 - Pertuis;Autres régions;Cont. professionnalisation;Non précisé;1;0;0;0;"";"";2026-08-14;1;"";https://candidat.francetravail.fr/offres/recherche/detail/5993792
5933748;Alternance Assistant(e) communication - Dijon (F/H);Entreprise non communiquée;Anonyme;Chargé / Chargée des relations publiques;21 - Dijon;Autres régions;Cont. professionnalisation;Non précisé;0;1;0;0;"";"";2026-08-12;1;"";https://candidat.francetravail.fr/offres/recherche/detail/5933748
5933807;Alternance Assistant commercial et communication - Saint-Germain-du-Puy (F/H);Entreprise non communiquée;Anonyme;Chargé / Chargée des relations publiques;18 - Saint-Germain-du-Puy;Autres régions;Cont. professionnalisation;Non précisé;0;0;1;0;"";"";2026-08-12;1;"";https://candidat.francetravail.fr/offres/recherche/detail/5933807
5933710;Alternance COMMERCIAL B2B - Divatte-sur-Loire (F/H);Entreprise non communiquée;Anonyme;Chargé / Chargée de merchandising;44 - Divatte-sur-Loire;Autres régions;Cont. professionnalisation;Non précisé;0;1;1;0;"";"";2026-08-12;1;"";https://candidat.francetravail.fr/offres/recherche/detail/5933710
5933772;Alternance Assistant(e) communication et marketing - Trans-en-Provence (F/H);Entreprise non communiquée;Anonyme;Chargé / Chargée des relations publiques;83 - Trans-en-Provence;Autres régions;Cont. professionnalisation;Non précisé;1;0;0;0;"";"";2026-08-12;1;"";https://candidat.francetravail.fr/offres/recherche/detail/5933772
5933803;Alternance Assistant commercial et communication - Saint-Doulchard (F/H);Entreprise non communiquée;Anonyme;Assistant / Assistante en publicité;18 - Saint-Doulchard;Autres régions;Cont. professionnalisation;Non précisé;1;0;1;0;"";"";2026-08-12;1;"";https://candidat.francetravail.fr/offres/recherche/detail/5933803
5882363;Conseiller de vente (H/F);Entreprise non communiquée;Anonyme;Chargé / Chargée de relation client;62 - Carvin;Autres régions;Contrat apprentissage;Non précisé;0;1;0;0;Mensuel de 486.0 Euros à 1801.0 Euros;"";2026-08-11;1;Poste de premier niveau;https://candidat.francetravail.fr/offres/recherche/detail/5882363
5901934;Alternance Community Manager - Arcueil (F/H);Entreprise non communiquée;Anonyme;Community manager;94 - Arcueil;Île-de-France;Cont. professionnalisation;Non précisé;1;0;0;0;"";"";2026-08-11;1;"";https://candidat.francetravail.fr/offres/recherche/detail/5901934
5798461;Chargé d'affaire telecoms (H/F);Entreprise non communiquée;Anonyme;Chargé / Chargée de communication;13 - Aix-en-Provence;Autres régions;Contrat apprentissage;Bac+2/3;1;0;0;0;"";"";2026-08-07;1;Vise un Bac+2/3;https://candidat.francetravail.fr/offres/recherche/detail/5798461
5779546;Alternance Chargé de communication et création de contenu - Paris (F/H);Entreprise non communiquée;Anonyme;Chargé / Chargée de communication;75 - Paris;Île-de-France;Cont. professionnalisation;Non précisé;1;0;0;0;"";"";2026-08-06;1;"";https://candidat.francetravail.fr/offres/recherche/detail/5779546
5706230;Alternance Chargé(e) de Marketing Digital & E-commerce - Paris (F/H);Entreprise non communiquée;Anonyme;Chargé / Chargée de marketing digital;75 - Paris;Île-de-France;Cont. professionnalisation;Non précisé;1;1;0;0;"";"";2026-08-05;1;"";https://candidat.francetravail.fr/offres/recherche/detail/5706230
5691466;Alternance Community Manager H/F - Marseille (F/H);Entreprise non communiquée;Anonyme;Community manager;13 - Marseille;Autres régions;Cont. professionnalisation;Non précisé;1;0;0;0;"";"";2026-08-04;1;"";https://candidat.francetravail.fr/offres/recherche/detail/5691466
212BJVM;Apprenti(e) Responsable d'activité commerciale et MarketingH/F;Entreprise non communiquée;Anonyme;Chargé / Chargée de marketing digital;34 - Béziers;Autres régions;Contrat apprentissage;Bac+2/3;1;0;1;0;Horaire de 12.31 Euros - % du smic selon l'âge;Formation continue d'adultes;2026-08-04;1;Vise un Bac+2/3;https://candidat.francetravail.fr/offres/recherche/detail/212BJVM
5660485;Alternant(e) Chargé(e) SEO / SEA Secteur Tourisme - Bac +2/3 - Lille H/F;Entreprise non communiquée;Anonyme;Référenceur / Référenceuse web;59 - Lille;Autres régions;Cont. professionnalisation;Bac+2/3;1;0;0;0;"";"";2026-08-01;1;Vise un Bac+2/3;https://candidat.francetravail.fr/offres/recherche/detail/5660485
5660481;Alternant(e) Social Media Manager Secteur Gaming - Bac+2/3 - Lille - H/F;Entreprise non communiquée;Anonyme;Social media manager - Responsable des médias sociaux;59 - Lille;Autres régions;Cont. professionnalisation;Bac+2/3;1;0;0;0;"";"";2026-08-01;1;Vise un Bac+2/3;https://candidat.francetravail.fr/offres/recherche/detail/5660481
5661661;Alternance Assistant(e) Trade Marketing - Paris (F/H);Entreprise non communiquée;Anonyme;Assistant / Assistante marketing;75 - Paris;Île-de-France;Cont. professionnalisation;Non précisé;1;1;0;0;"";"";2026-08-01;1;"";https://candidat.francetravail.fr/offres/recherche/detail/5661661
5637028;Conseiller de vente et d'encaissement en Parfumerie et Cosmétiques (H/F);Entreprise non communiquée;Anonyme;Chargé / Chargée de relation client;13 - Trets;Autres régions;Contrat apprentissage;Non précisé;0;1;0;0;"";"";2026-08-01;1;Poste de premier niveau;https://candidat.francetravail.fr/offres/recherche/detail/5637028
5620768;Alternance Community Manager H/F - Biarritz (F/H);Entreprise non communiquée;Anonyme;Community manager;64 - Biarritz;Autres régions;Cont. professionnalisation;Non précisé;1;1;0;0;"";"";2026-07-31;1;"";https://candidat.francetravail.fr/offres/recherche/detail/5620768
5620721;Alternance Chargé(e) de Communication 360° - Communication interne, événementiel & RSE - Saint-Denis (F/H);Entreprise non communiquée;Anonyme;Chef / Cheffe de projet événementiel;93 - Saint-Denis;Île-de-France;Cont. professionnalisation;Non précisé;0;0;0;0;"";"";2026-07-31;1;Hors de nos parcours;https://candidat.francetravail.fr/offres/recherche/detail/5620721
5620746;Alternance Assistant(e) Marketing. - Paris (F/H);Entreprise non communiquée;Anonyme;Assistant / Assistante marketing;75 - Paris;Île-de-France;Cont. professionnalisation;Non précisé;1;1;0;0;"";"";2026-07-31;1;"";https://candidat.francetravail.fr/offres/recherche/detail/5620746
5587224;Alternance Chargé de prospection commerciale - Nantes (F/H);Entreprise non communiquée;Anonyme;Chef / Cheffe de promotion des ventes;44 - Nantes;Autres régions;Cont. professionnalisation;Non précisé;0;1;1;0;"";"";2026-07-30;1;"";https://candidat.francetravail.fr/offres/recherche/detail/5587224
5587103;Alternance Assistant(e) en communication - Paris (F/H);Entreprise non communiquée;Anonyme;Chargé / Chargée des relations publiques;75 - Paris;Île-de-France;Cont. professionnalisation;Non précisé;0;0;0;0;"";"";2026-07-30;1;Hors de nos parcours;https://candidat.francetravail.fr/offres/recherche/detail/5587103
5463094;Alternance Chargé(e) commercial - Plaisir (F/H);Entreprise non communiquée;Anonyme;Responsable marketing;78 - Plaisir;Île-de-France;Cont. professionnalisation;Non précisé;1;0;1;0;"";"";2026-07-25;1;"";https://candidat.francetravail.fr/offres/recherche/detail/5463094
5463117;Alternance Chef de projet marketing digital junior - Neuilly-sur-Seine (F/H);Entreprise non communiquée;Anonyme;Chargé / Chargée de marketing digital;92 - Neuilly-sur-Seine;Île-de-France;Cont. professionnalisation;Non précisé;1;0;0;0;"";"";2026-07-25;1;"";https://candidat.francetravail.fr/offres/recherche/detail/5463117
5424884;Alternance Chargé marketing, data et IA - Marseille (F/H);Entreprise non communiquée;Anonyme;Chargé / Chargée de marketing digital;13 - Marseille;Autres régions;Cont. professionnalisation;Non précisé;1;0;0;0;"";"";2026-07-24;1;"";https://candidat.francetravail.fr/offres/recherche/detail/5424884
5424948;Alternance Assistant gestion de projet et webmarketing - Le Bugue (F/H);Entreprise non communiquée;Anonyme;Chargé / Chargée de marketing digital;24 - Bugue;Autres régions;Cont. professionnalisation;Non précisé;1;0;0;0;"";"";2026-07-24;1;"";https://candidat.francetravail.fr/offres/recherche/detail/5424948
5141970;Alternance CHEF(FE) DE PROJET CRM / TRANSFORMATION DIGITALE - Sotteville-lès-Rouen (F/H);Entreprise non communiquée;Anonyme;Chief digital officer - Responsable de la transformation digitale;76 - Sotteville-lès-Rouen;Autres régions;Cont. professionnalisation;Non précisé;1;0;0;0;"";"";2026-07-19;1;"";https://candidat.francetravail.fr/offres/recherche/detail/5141970
5043169;Alternance Chargé-e de communication et gestion de projets - Saint-Denis (F/H);Entreprise non communiquée;Anonyme;Chargé / Chargée des relations publiques;93 - Saint-Denis;Île-de-France;Cont. professionnalisation;Non précisé;0;0;0;0;"";"";2026-07-16;1;Hors de nos parcours;https://candidat.francetravail.fr/offres/recherche/detail/5043169
4893487;Apprenti Assistant chef de marché H/F;Entreprise non communiquée;Anonyme;Chef / Cheffe de produit;92 - Asnières-sur-Seine;Île-de-France;Cont. professionnalisation;Non précisé;1;0;0;0;"";"";2026-07-12;1;"";https://candidat.francetravail.fr/offres/recherche/detail/4893487
4893542;Alternance - Etalagiste/Visuel Merchandiser F/H;Entreprise non communiquée;Anonyme;Chargé / Chargée de merchandising;78 - Vélizy-Villacoublay;Île-de-France;Cont. professionnalisation;Non précisé;0;1;0;0;"";"";2026-07-12;1;Poste de premier niveau;https://candidat.francetravail.fr/offres/recherche/detail/4893542
4656846;Conseiller de vente (H/F);Entreprise non communiquée;Anonyme;Chargé / Chargée de relation client;16 - Cognac;Autres régions;Contrat apprentissage;Bac+2/3;0;1;0;0;Annuel de 486.0 Euros à 1801.0 Euros;"";2026-07-07;1;Vise un Bac+2/3;https://candidat.francetravail.fr/offres/recherche/detail/4656846
4572224;Apprenti Assistant(e) Marketing/ Comm Brand Manager H/F;Entreprise non communiquée;Anonyme;Directeur / Directrice marketing digital;78 - Montigny-le-Bretonneux;Île-de-France;Cont. professionnalisation;Non précisé;1;0;0;0;"";"";2026-07-05;1;"";https://candidat.francetravail.fr/offres/recherche/detail/4572224
4296270;Chargé / Chargée de communication digitale (H/F);AUREIS FORMATION;École / CFA;Chargé / Chargée de communication;69 - Lyon 6e Arrondissement;Auvergne-Rhône-Alpes;Contrat apprentissage;Non précisé;1;0;0;0;"";"";2026-06-27;1;Publiée par une école ou un CFA;https://candidat.francetravail.fr/offres/recherche/detail/4296270
4331177;Alternance Chargé de communication - Châtillon (F/H);Entreprise non communiquée;Anonyme;Chargé / Chargée de communication;39 - Châtillon;Autres régions;Cont. professionnalisation;Non précisé;1;0;0;0;"";"";2026-06-27;1;"";https://candidat.francetravail.fr/offres/recherche/detail/4331177
4164379;Alternance - chargé de communication F/H;Entreprise non communiquée;Anonyme;Chargé / Chargée de communication;37 - Tours;Autres régions;Cont. professionnalisation;Non précisé;1;0;0;0;"";"";2026-06-24;1;"";https://candidat.francetravail.fr/offres/recherche/detail/4164379
3883655;Alternance Assistant Marketing & Communication - Asnières-sur-Seine (F/H) (H/F);Entreprise non communiquée;Anonyme;Assistant / Assistante marketing;92 - Asnières-sur-Seine;Île-de-France;Cont. professionnalisation;Non précisé;1;0;0;0;"";"";2026-06-17;1;"";https://candidat.francetravail.fr/offres/recherche/detail/3883655
3878839;CHARGÉ DE COMMUNICATION H/F;Entreprise non communiquée;Anonyme;Chargé / Chargée de communication;31 - Cugnaux;Autres régions;Cont. professionnalisation;Non précisé;1;1;0;0;"";"";2026-06-17;1;"";https://candidat.francetravail.fr/offres/recherche/detail/3878839
3844437;Chargé(e) de communication en alternance (H/F);Entreprise non communiquée;Anonyme;Chargé / Chargée de communication;93 - Villepinte;Île-de-France;Cont. professionnalisation;Non précisé;1;0;0;0;"";"";2026-06-16;1;"";https://candidat.francetravail.fr/offres/recherche/detail/3844437
7105198;Chargé de marketing (H/F);IMPARARE;École / CFA;Responsable marketing;Île-de-France;Île-de-France;Contrat apprentissage;Bac+2/3;1;0;0;0;Mensuel de 799.0 Euros à 1800.0 Euros;"";2026-09-23;0;Publiée par une école ou un CFA;https://candidat.francetravail.fr/offres/recherche/detail/7105198
214HJJB;Chargé(e) de Relation Client (H/F);STAND UP FORMATION;École / CFA;Chargé / Chargée de relation client;974 - Saint-Paul;Autres régions;Contrat apprentissage;Non précisé;0;1;0;0;"";Formation continue d'adultes;2026-09-23;0;Publiée par une école ou un CFA;https://candidat.francetravail.fr/offres/recherche/detail/214HJJB
214FVYJ;Employé - e commercial-e (EC) (H/F);LSC FORMATION;École / CFA;Responsable e-commerce;88 - VITTEL;Autres régions;Cont. professionnalisation;Non précisé;0;1;1;0;"";Formation continue d'adultes;2026-09-22;0;Publiée par une école ou un CFA;https://candidat.francetravail.fr/offres/recherche/detail/214FVYJ
7094057;ASSISTANT.E marketing digital & IA « ».(Rodez) #TET14182 (H/F);Tetranergy Business School Rodez;École / CFA;Directeur / Directrice marketing digital;12 - Rodez;Autres régions;Contrat apprentissage;Non précisé;1;0;0;0;"";"";2026-09-22;0;Publiée par une école ou un CFA;https://candidat.francetravail.fr/offres/recherche/detail/7094057
7094053;ASSISTANT.E communication « ».(Rodez) #TET14181 (H/F);Tetranergy Business School Rodez;École / CFA;Chargé / Chargée des relations publiques;12 - Rodez;Autres régions;Contrat apprentissage;Non précisé;0;0;0;0;"";"";2026-09-22;0;Publiée par une école ou un CFA;https://candidat.francetravail.fr/offres/recherche/detail/7094053
7068674;Assistant / Assistante marketing (H/F);IMPARARE;École / CFA;Assistant / Assistante marketing;45 - Orléans;Autres régions;Contrat apprentissage;Bac+2/3;1;0;0;0;Mensuel de 800.0 Euros à 1800.0 Euros;"";2026-09-22;0;Publiée par une école ou un CFA;https://candidat.francetravail.fr/offres/recherche/detail/7068674
7053013;COMMUNITY MANAGEUR- SE (Onet le château) #TET14178 (H/F);Tetranergy Business School Rodez;École / CFA;Community manager;12 - Onet-le-Château;Autres régions;Contrat apprentissage;Non précisé;1;0;0;0;"";"";2026-09-21;0;Publiée par une école ou un CFA;https://candidat.francetravail.fr/offres/recherche/detail/7053013
7052888;Assistant.e administratif.ve et relation client - Agence de communication - BTS GPME en Altern (H/F);AGEPAC;École / CFA;Chargé / Chargée des relations publiques;974 - Saint-Leu;Autres régions;Contrat apprentissage;Bac+2/3;0;1;0;0;"";"";2026-09-21;0;Publiée par une école ou un CFA;https://candidat.francetravail.fr/offres/recherche/detail/7052888
7052877;Assistant.e administratif.ve et relation client - Agence de communication - BTS GPME en Altern (H/F);AGEPAC;École / CFA;Chargé / Chargée des relations publiques;974 - Saint-Paul;Autres régions;Contrat apprentissage;Bac+2/3;0;1;0;0;"";"";2026-09-21;0;Publiée par une école ou un CFA;https://candidat.francetravail.fr/offres/recherche/detail/7052877
7053130;Chargé(e) de marketing, communication et digital « ».(Saint-Georges de Luzençon) #TET12731 (H/F);Tetranergy Business School Rodez;École / CFA;Directeur / Directrice marketing digital;12 - Creissels;Autres régions;Contrat apprentissage;Non précisé;1;0;0;0;"";"";2026-09-21;0;Publiée par une école ou un CFA;https://candidat.francetravail.fr/offres/recherche/detail/7053130
7052836;Assistant.e administratif.ve et relation client - Agence de communication - BTS GPME en Altern (H/F);AGEPAC;École / CFA;Chargé / Chargée des relations publiques;974 - Possession;Autres régions;Contrat apprentissage;Bac+2/3;0;1;0;0;"";"";2026-09-21;0;Publiée par une école ou un CFA;https://candidat.francetravail.fr/offres/recherche/detail/7052836
7052867;Assistant.e administratif.ve et relation client - Agence de communication - BTS GPME en Altern (H/F);AGEPAC;École / CFA;Chargé / Chargée des relations publiques;974 - Saint-Denis;Autres régions;Contrat apprentissage;Bac+2/3;0;1;0;0;"";"";2026-09-21;0;Publiée par une école ou un CFA;https://candidat.francetravail.fr/offres/recherche/detail/7052867
6997869;Chargé(e) de Communication en alternance H/F;PIGIER;École / CFA;Chargé / Chargée de communication;54 - Tomblaine;Autres régions;Contrat apprentissage;Non précisé;1;0;0;0;Mensuel de 800.0 Euros à 1200.0 Euros - .;Autres enseignements;2026-09-18;0;Publiée par une école ou un CFA;https://candidat.francetravail.fr/offres/recherche/detail/6997869
6997944;Chargé(e) de Communication en alternance H/F;PIGIER;École / CFA;Chargé / Chargée de communication;54 - Maxéville;Autres régions;Contrat apprentissage;Non précisé;1;0;0;0;Mensuel de 800.0 Euros à 1200.0 Euros - .;Autres enseignements;2026-09-18;0;Publiée par une école ou un CFA;https://candidat.francetravail.fr/offres/recherche/detail/6997944
6997806;Alternant(e) en Communication H/F;PIGIER;École / CFA;Chargé / Chargée des relations publiques;54 - Malzéville;Autres régions;Contrat apprentissage;Non précisé;0;0;0;0;Mensuel de 800.0 Euros à 1200.0 Euros - .;Autres enseignements;2026-09-18;0;Publiée par une école ou un CFA;https://candidat.francetravail.fr/offres/recherche/detail/6997806
6997819;Alternant(e) en Communication H/F;PIGIER;École / CFA;Chargé / Chargée des relations publiques;54 - Essey-lès-Nancy;Autres régions;Contrat apprentissage;Non précisé;0;0;0;0;Mensuel de 800.0 Euros à 1200.0 Euros - .;Autres enseignements;2026-09-18;0;Publiée par une école ou un CFA;https://candidat.francetravail.fr/offres/recherche/detail/6997819
6882057;Conseiller de vente (H/F);INSTITUT FORMAT CARRIERES COMMUN VENTE;École / CFA;Chargé / Chargée de relation client;Île-de-France;Île-de-France;Contrat apprentissage;Bac+2/3;0;1;0;0;Annuel de 400.0 Euros à 1800.0 Euros;"";2026-09-15;0;Publiée par une école ou un CFA;https://candidat.francetravail.fr/offres/recherche/detail/6882057
6882049;Conseiller de vente (H/F);INSTITUT FORMAT CARRIERES COMMUN VENTE;École / CFA;Chargé / Chargée de relation client;Île-de-France;Île-de-France;Contrat apprentissage;Bac+2/3;0;1;0;0;Annuel de 400.0 Euros à 1800.0 Euros;"";2026-09-15;0;Publiée par une école ou un CFA;https://candidat.francetravail.fr/offres/recherche/detail/6882049
6881822;Conseiller de vente (H/F);INSTITUT FORMAT CARRIERES COMMUN VENTE;École / CFA;Chargé / Chargée de relation client;75 - Paris 9e Arrondissement;Île-de-France;Contrat apprentissage;Bac+2/3;0;1;0;0;"";"";2026-09-15;0;Publiée par une école ou un CFA;https://candidat.francetravail.fr/offres/recherche/detail/6881822
6881794;Conseiller client (H/F);INSTITUT FORMAT CARRIERES COMMUN VENTE;École / CFA;Chargé / Chargée de relation client;Île-de-France;Île-de-France;Contrat apprentissage;Non précisé;0;1;0;0;Mensuel de 400.0 Euros;"";2026-09-15;0;Publiée par une école ou un CFA;https://candidat.francetravail.fr/offres/recherche/detail/6881794
6881778;Conseiller de vente (H/F);INSTITUT FORMAT CARRIERES COMMUN VENTE;École / CFA;Chargé / Chargée de relation client;75 - Paris 9e Arrondissement;Île-de-France;Contrat apprentissage;Bac+2/3;0;1;0;0;"";"";2026-09-15;0;Publiée par une école ou un CFA;https://candidat.francetravail.fr/offres/recherche/detail/6881778
6881775;Conseiller de vente (H/F);INSTITUT FORMAT CARRIERES COMMUN VENTE;École / CFA;Chargé / Chargée de relation client;94 - Bry-sur-Marne;Île-de-France;Contrat apprentissage;Bac+2/3;0;1;0;0;"";"";2026-09-15;0;Publiée par une école ou un CFA;https://candidat.francetravail.fr/offres/recherche/detail/6881775
6881773;Conseiller de vente (H/F);INSTITUT FORMAT CARRIERES COMMUN VENTE;École / CFA;Chargé / Chargée de relation client;92 - Villeneuve-la-Garenne;Île-de-France;Contrat apprentissage;Bac+2/3;0;1;0;0;"";"";2026-09-15;0;Publiée par une école ou un CFA;https://candidat.francetravail.fr/offres/recherche/detail/6881773
6881772;Conseiller de vente (H/F);INSTITUT FORMAT CARRIERES COMMUN VENTE;École / CFA;Chargé / Chargée de relation client;94 - Arcueil;Île-de-France;Contrat apprentissage;Bac+2/3;0;1;0;0;"";"";2026-09-15;0;Publiée par une école ou un CFA;https://candidat.francetravail.fr/offres/recherche/detail/6881772
6881771;Conseiller de vente (H/F);INSTITUT FORMAT CARRIERES COMMUN VENTE;École / CFA;Chargé / Chargée de relation client;77 - Lieusaint;Île-de-France;Contrat apprentissage;Bac+2/3;0;1;0;0;"";"";2026-09-15;0;Publiée par une école ou un CFA;https://candidat.francetravail.fr/offres/recherche/detail/6881771
6881758;Conseiller de vente (H/F);INSTITUT FORMAT CARRIERES COMMUN VENTE;École / CFA;Chargé / Chargée de relation client;78 - Versailles;Île-de-France;Contrat apprentissage;Non précisé;0;1;0;0;Annuel de 400.0 Euros;"";2026-09-15;0;Publiée par une école ou un CFA;https://candidat.francetravail.fr/offres/recherche/detail/6881758
6881751;Conseiller de vente (H/F);INSTITUT FORMAT CARRIERES COMMUN VENTE;École / CFA;Chargé / Chargée de relation client;92 - Clamart;Île-de-France;Contrat apprentissage;Bac+2/3;0;1;0;0;"";"";2026-09-15;0;Publiée par une école ou un CFA;https://candidat.francetravail.fr/offres/recherche/detail/6881751
6881749;Conseiller de vente (H/F);INSTITUT FORMAT CARRIERES COMMUN VENTE;École / CFA;Chargé / Chargée de relation client;75 - Paris 9e Arrondissement;Île-de-France;Contrat apprentissage;Non précisé;0;1;0;0;Annuel de 400.0 Euros;"";2026-09-15;0;Publiée par une école ou un CFA;https://candidat.francetravail.fr/offres/recherche/detail/6881749
6881745;Conseiller de vente (H/F);INSTITUT FORMAT CARRIERES COMMUN VENTE;École / CFA;Chargé / Chargée de relation client;91 - Grigny;Île-de-France;Contrat apprentissage;Bac+2/3;0;1;0;0;"";"";2026-09-15;0;Publiée par une école ou un CFA;https://candidat.francetravail.fr/offres/recherche/detail/6881745
6881744;Conseiller de vente (H/F);INSTITUT FORMAT CARRIERES COMMUN VENTE;École / CFA;Chargé / Chargée de relation client;Île-de-France;Île-de-France;Contrat apprentissage;Bac+2/3;0;1;0;0;"";"";2026-09-15;0;Publiée par une école ou un CFA;https://candidat.francetravail.fr/offres/recherche/detail/6881744
6881737;Conseiller de vente (H/F);INSTITUT FORMAT CARRIERES COMMUN VENTE;École / CFA;Chargé / Chargée de relation client;93 - Aubervilliers;Île-de-France;Contrat apprentissage;Bac+2/3;0;1;0;0;"";"";2026-09-15;0;Publiée par une école ou un CFA;https://candidat.francetravail.fr/offres/recherche/detail/6881737
6881547;Conseiller de vente (H/F);INSTITUT FORMAT CARRIERES COMMUN VENTE;École / CFA;Chargé / Chargée de relation client;95 - Roissy-en-France;Île-de-France;Contrat apprentissage;Non précisé;0;1;0;0;"";"";2026-09-15;0;Publiée par une école ou un CFA;https://candidat.francetravail.fr/offres/recherche/detail/6881547
6881539;Conseiller de vente (H/F);INSTITUT FORMAT CARRIERES COMMUN VENTE;École / CFA;Chargé / Chargée de relation client;95 - Roissy-en-France;Île-de-France;Contrat apprentissage;Non précisé;0;1;0;0;"";"";2026-09-15;0;Publiée par une école ou un CFA;https://candidat.francetravail.fr/offres/recherche/detail/6881539
6881538;Conseiller de vente (H/F);INSTITUT FORMAT CARRIERES COMMUN VENTE;École / CFA;Chargé / Chargée de relation client;95 - Cergy;Île-de-France;Contrat apprentissage;Non précisé;0;1;0;0;"";"";2026-09-15;0;Publiée par une école ou un CFA;https://candidat.francetravail.fr/offres/recherche/detail/6881538
6881537;Conseiller de vente (H/F);INSTITUT FORMAT CARRIERES COMMUN VENTE;École / CFA;Chargé / Chargée de relation client;95 - Roissy-en-France;Île-de-France;Contrat apprentissage;Bac+2/3;0;1;0;0;"";"";2026-09-15;0;Publiée par une école ou un CFA;https://candidat.francetravail.fr/offres/recherche/detail/6881537
213XGBM;SECRETAIRE ADMINISTRATIF/COMMUNICATION RESEAUX SOCIAUX (H/F);AUTOSCHOOL;École / CFA;Chargé / Chargée de communication;34 - MONTPELLIER;Autres régions;Contrat apprentissage;Bac+2/3;1;0;0;0;Mensuel de 774.77 Euros à 954.95 Euros;Enseignement de la conduite;2026-09-15;0;Publiée par une école ou un CFA;https://candidat.francetravail.fr/offres/recherche/detail/213XGBM
6895783;Alternance Assistant d'agence - Lesneven (H/F);ISCOD;École / CFA;Assistant / Assistante en publicité;29 - Lanarvily;Autres régions;Contrat apprentissage;Bac+2/3;1;0;0;0;"";"";2026-09-15;0;Publiée par une école ou un CFA;https://candidat.francetravail.fr/offres/recherche/detail/6895783
213SSZC;COMMUNITY MANAGER EN ALTERNANCE H/F (H/F);AUTO ECOLE RICHARD;École / CFA;Community manager;13 - MARSEILLE;Autres régions;Contrat apprentissage;Non précisé;1;0;0;0;"";Enseignement de la conduite;2026-09-11;0;Publiée par une école ou un CFA;https://candidat.francetravail.fr/offres/recherche/detail/213SSZC
6797606;Alternance assistant communication et commercial - Marseille (H/F);ISCOD;École / CFA;Chargé / Chargée des relations publiques;13 - Marseille 7e Arrondissement;Autres régions;Contrat apprentissage;Bac+2/3;0;0;1;0;"";"";2026-09-10;0;Publiée par une école ou un CFA;https://candidat.francetravail.fr/offres/recherche/detail/6797606
6782043;Chargé / Chargée de communication digitale (H/F);PROVENCE FORMATION;École / CFA;Chargé / Chargée de communication;84 - Avignon;Autres régions;Contrat apprentissage;Non précisé;1;0;0;0;"";"";2026-09-10;0;Publiée par une école ou un CFA;https://candidat.francetravail.fr/offres/recherche/detail/6782043
213SCPM;Assistant(e) Communication & Marketing Digital (H/F);THE BRIDGE ECOLE ENTREPRISES;École / CFA;Chargé / Chargée de marketing digital;92 - NANTERRE;Île-de-France;Contrat apprentissage;Non précisé;1;0;0;0;Mensuel de 800.0 Euros à 2300.0 Euros;Formation continue d'adultes;2026-09-10;0;Publiée par une école ou un CFA;https://candidat.francetravail.fr/offres/recherche/detail/213SCPM
213PDDS;Chargé de relation client / Alternance / Saint-Pierre (H/F);STAND UP FORMATION SUD;École / CFA;Chargé / Chargée de relation client;974 - Saint-Pierre;Autres régions;Contrat apprentissage;Non précisé;0;1;0;0;"";Formation continue d'adultes;2026-09-08;0;Publiée par une école ou un CFA;https://candidat.francetravail.fr/offres/recherche/detail/213PDDS
213NTSP;Chargé de Marketing commercial (H/F);LES FORMATIONS DU MARAIS;École / CFA;Responsable marketing;79 - Azay-le-Brûlé;Autres régions;Contrat apprentissage;Bac+2/3;1;1;1;0;"";Formation continue d'adultes;2026-09-08;0;Publiée par une école ou un CFA;https://candidat.francetravail.fr/offres/recherche/detail/213NTSP
6728254;Alternance Employé(e) Commercial(e) H/F;Entreprise non communiquée;École / CFA;Responsable e-commerce;06 - Villeneuve-Loubet;Autres régions;Cont. professionnalisation;Bac+2/3;0;1;1;0;"";"";2026-09-08;0;Publiée par une école ou un CFA;https://candidat.francetravail.fr/offres/recherche/detail/6728254
6692166;Assistant-e Trade Marketing Off Trade (La Possession) #TET14431 (H/F);Tetranergy Business School Réunion;École / CFA;Assistant / Assistante marketing;974 - Possession;Autres régions;Contrat apprentissage;Non précisé;1;1;0;0;"";"";2026-09-07;0;Publiée par une école ou un CFA;https://candidat.francetravail.fr/offres/recherche/detail/6692166
6692176;Assistant-e Marketing Digital & Infographie (La Possession) #TET14434 (H/F);Tetranergy Business School Réunion;École / CFA;Directeur / Directrice marketing digital;974 - Possession;Autres régions;Contrat apprentissage;Non précisé;1;0;0;0;"";"";2026-09-07;0;Publiée par une école ou un CFA;https://candidat.francetravail.fr/offres/recherche/detail/6692176
6692435;Technicien(ne) Merchandising - BTS MCO en alternance / REF00484 #AGE9593 (H/F);AGEPAC;École / CFA;Chargé / Chargée de merchandising;974 - Port;Autres régions;Contrat apprentissage;Non précisé;0;1;1;0;"";"";2026-09-07;0;Publiée par une école ou un CFA;https://candidat.francetravail.fr/offres/recherche/detail/6692435
6692497;Technicien(ne) Merchandising - BTS MCO en alternance / REF00484 #AGE9593 (H/F);AGEPAC;École / CFA;Chargé / Chargée de merchandising;974 - Saint-Denis;Autres régions;Contrat apprentissage;Non précisé;0;1;1;0;"";"";2026-09-07;0;Publiée par une école ou un CFA;https://candidat.francetravail.fr/offres/recherche/detail/6692497
6692170;Assistant-e Marketing Opérationnel (La Possession) #TET14436 (H/F);Tetranergy Business School Réunion;École / CFA;Assistant / Assistante marketing;974 - Possession;Autres régions;Contrat apprentissage;Non précisé;1;1;0;0;"";"";2026-09-07;0;Publiée par une école ou un CFA;https://candidat.francetravail.fr/offres/recherche/detail/6692170
6591320;Conseiller de vente (H/F);Entreprise non communiquée;École / CFA;Chargé / Chargée de relation client;77 - Servon;Île-de-France;Contrat apprentissage;Bac+2/3;0;1;0;0;Annuel de 480.0 Euros à 1801.0 Euros;"";2026-09-04;0;Publiée par une école ou un CFA;https://candidat.francetravail.fr/offres/recherche/detail/6591320
6579327;Alternance - Assistant de Communication Evènementielle (H/F);E2SE Business School;École / CFA;Chef / Cheffe de projet événementiel;14 - Caen;Autres régions;Cont. professionnalisation;Bac+2/3;0;0;0;0;Annuel de 15000.0 Euros à 25000.0 Euros;Enseignement post-secondaire non supérieur;2026-09-03;0;Publiée par une école ou un CFA;https://candidat.francetravail.fr/offres/recherche/detail/6579327
6579315;Alternance - Chargé de Communication externe (H/F);E2SE Business School;École / CFA;Chargé / Chargée de communication;14 - Caen;Autres régions;Cont. professionnalisation;Bac+2/3;1;0;0;0;Annuel de 10000.0 Euros à 25000.0 Euros;Enseignement post-secondaire non supérieur;2026-09-03;0;Publiée par une école ou un CFA;https://candidat.francetravail.fr/offres/recherche/detail/6579315
6581713;E.Leclerc - Assistant Marketing (alternance) - H/F;SAINT MAIXENT DISTRIBUTION;École / CFA;Assistant / Assistante marketing;79 - Azay-le-Brûlé;Autres régions;Contrat apprentissage;Non précisé;1;1;0;0;"";"";2026-09-03;0;Publiée par une école ou un CFA;https://candidat.francetravail.fr/offres/recherche/detail/6581713
6579339;Alternance - Assistant de Communication (H/F);E2SE Business School;École / CFA;Chargé / Chargée des relations publiques;14 - Bayeux;Autres régions;Cont. professionnalisation;Bac+2/3;0;0;0;0;Annuel de 10000.0 Euros à 25000.0 Euros;Enseignement post-secondaire non supérieur;2026-09-03;0;Publiée par une école ou un CFA;https://candidat.francetravail.fr/offres/recherche/detail/6579339
6579343;Alternance - Chargé de Communication (H/F);E2SE Business School;École / CFA;Community manager;14 - Caen;Autres régions;Cont. professionnalisation;Bac+2/3;1;0;0;0;Annuel de 10000.0 Euros à 25000.0 Euros;Enseignement post-secondaire non supérieur;2026-09-03;0;Publiée par une école ou un CFA;https://candidat.francetravail.fr/offres/recherche/detail/6579343
6508196;Assistant / Assistante à la direction marketing (H/F);AUREIS FORMATION;École / CFA;Assistant / Assistante marketing;75 - Paris 10e Arrondissement;Île-de-France;Contrat apprentissage;Non précisé;1;0;0;0;"";"";2026-09-02;0;Publiée par une école ou un CFA;https://candidat.francetravail.fr/offres/recherche/detail/6508196
213HHTB;Conseiller de Vente H/F En Apprentissage (H/F);INSTITUT PARISIEN DE FORMATION;École / CFA;Chargé / Chargée de relation client;75 - PARIS 15;Île-de-France;Contrat apprentissage;Bac+2/3;0;1;0;0;"";Formation continue d'adultes;2026-09-02;0;Publiée par une école ou un CFA;https://candidat.francetravail.fr/offres/recherche/detail/213HHTB
6478497;Assistant / Assistante à la direction marketing (H/F);AUREIS FORMATION;École / CFA;Assistant / Assistante marketing;75 - Paris 16e Arrondissement;Île-de-France;Contrat apprentissage;Non précisé;1;0;0;0;"";"";2026-09-01;0;Publiée par une école ou un CFA;https://candidat.francetravail.fr/offres/recherche/detail/6478497
6444984;Chargé / Chargée de communication digitale (H/F);INSTITUT FRANCAIS DE FORMATION PROFESSIONNELLE A&A;École / CFA;Chargé / Chargée de communication;75 - Paris 19e Arrondissement;Île-de-France;Contrat apprentissage;Non précisé;1;0;0;0;"";"";2026-08-31;0;Publiée par une école ou un CFA;https://candidat.francetravail.fr/offres/recherche/detail/6444984
6445084;Chargé / Chargée de communication digitale (H/F);FCF-ARGOS;École / CFA;Chargé / Chargée de communication;90 - Belfort;Autres régions;Contrat apprentissage;Non précisé;1;0;0;0;"";"";2026-08-31;0;Publiée par une école ou un CFA;https://candidat.francetravail.fr/offres/recherche/detail/6445084
6445031;Chargé / Chargée de communication externe (H/F);ECOLE SCIENCES & TECHNIQUES COMMERCIALES;École / CFA;Chargé / Chargée de communication;13 - Marseille 12e Arrondissement;Autres régions;Contrat apprentissage;Non précisé;1;0;0;0;"";"";2026-08-31;0;Publiée par une école ou un CFA;https://candidat.francetravail.fr/offres/recherche/detail/6445031
6444931;Assistant / Assistante de communication (H/F);AUREIS FORMATION;École / CFA;Chargé / Chargée des relations publiques;75 - Paris 1er Arrondissement;Île-de-France;Contrat apprentissage;Non précisé;0;0;0;0;"";"";2026-08-31;0;Publiée par une école ou un CFA;https://candidat.francetravail.fr/offres/recherche/detail/6444931
6445550;Chef / Cheffe de projet marketing digital (H/F);NOMAD FORMATION;École / CFA;Chargé / Chargée de marketing digital;59 - Tourcoing;Autres régions;Contrat apprentissage;Non précisé;1;0;0;0;"";"";2026-08-31;0;Publiée par une école ou un CFA;https://candidat.francetravail.fr/offres/recherche/detail/6445550
6357387;Conseiller de vente (H/F);Entreprise non communiquée;École / CFA;Chargé / Chargée de relation client;54 - Conflans-en-Jarnisy;Autres régions;Contrat apprentissage;Bac+2/3;0;1;0;0;Mensuel de 486.0 Euros à 1801.0 Euros;"";2026-08-28;0;Publiée par une école ou un CFA;https://candidat.francetravail.fr/offres/recherche/detail/6357387
6355417;Conseiller de vente (H/F);INSTITUT FORMAT CARRIERES COMMUN VENTE;École / CFA;Chargé / Chargée de relation client;Île-de-France;Île-de-France;Contrat apprentissage;Bac+2/3;0;1;0;0;Mensuel de 400.0 Euros à 1800.0 Euros;"";2026-08-28;0;Publiée par une école ou un CFA;https://candidat.francetravail.fr/offres/recherche/detail/6355417
6357317;Conseiller de vente (H/F);Entreprise non communiquée;École / CFA;Chargé / Chargée de relation client;31 - Estancarbon;Autres régions;Contrat apprentissage;Bac+2/3;0;1;0;0;Mensuel de 486.0 Euros à 1801.0 Euros;"";2026-08-28;0;Publiée par une école ou un CFA;https://candidat.francetravail.fr/offres/recherche/detail/6357317
6207919;Alternance - Chargé.e de E-Commerce & E-Merchandising (F/H);Entreprise non communiquée;École / CFA;Chargé / Chargée de merchandising;59 - Lille;Autres régions;Cont. professionnalisation;Bac+2/3;0;1;0;0;"";"";2026-08-22;0;Publiée par une école ou un CFA;https://candidat.francetravail.fr/offres/recherche/detail/6207919
6207918;ALTERNANCE - Chargé de Marketing Digital & Communication F/H;Entreprise non communiquée;École / CFA;Chargé / Chargée de marketing digital;59 - Lille;Autres régions;Cont. professionnalisation;Bac+2/3;1;0;0;0;"";"";2026-08-22;0;Publiée par une école ou un CFA;https://candidat.francetravail.fr/offres/recherche/detail/6207918
5993098;Chargé.e de Communication et Marketing en Alternance (H/F);Entreprise non communiquée;École / CFA;Chargé / Chargée de communication;31 - Toulouse;Autres régions;Cont. professionnalisation;Non précisé;1;0;0;0;"";"";2026-08-14;0;Publiée par une école ou un CFA;https://candidat.francetravail.fr/offres/recherche/detail/5993098
212KKDN;Chargé(e) marketing et e-commerce en alternance (H/F);BEFORMA;École / CFA;Chargé / Chargée de communication;974 - Saint-Denis;Autres régions;Contrat apprentissage;Non précisé;1;1;0;0;"";Formation continue d'adultes;2026-08-12;0;Publiée par une école ou un CFA;https://candidat.francetravail.fr/offres/recherche/detail/212KKDN
5567845;Conseiller de vente (H/F);Entreprise non communiquée;École / CFA;Chargé / Chargée de relation client;37 - Chinon;Autres régions;Contrat apprentissage;Bac+2/3;0;1;0;0;Mensuel de 486.0 Euros à 1801.0 Euros;"";2026-07-30;0;Publiée par une école ou un CFA;https://candidat.francetravail.fr/offres/recherche/detail/5567845
5565787;Conseiller de vente (H/F);INSTITUT FORMAT CARRIERES COMMUN VENTE;École / CFA;Chargé / Chargée de relation client;93 - Bobigny;Île-de-France;Contrat apprentissage;Bac+2/3;0;1;0;0;Mensuel de 400.0 Euros;"";2026-07-30;0;Publiée par une école ou un CFA;https://candidat.francetravail.fr/offres/recherche/detail/5565787
5503385;Chargé / Chargée marketing digital (H/F);ASSOCIATION IMC ALTERNANCE;École / CFA;Chargé / Chargée de marketing digital;93 - Saint-Denis;Île-de-France;Contrat apprentissage;Non précisé;1;0;0;0;"";"";2026-07-28;0;Publiée par une école ou un CFA;https://candidat.francetravail.fr/offres/recherche/detail/5503385
5442590;Chargé / Chargée de communication digitale (H/F);FCF-ARGOS;École / CFA;Chargé / Chargée de communication;68 - Lièpvre;Autres régions;Contrat apprentissage;Non précisé;1;0;0;0;"";"";2026-07-25;0;Publiée par une école ou un CFA;https://candidat.francetravail.fr/offres/recherche/detail/5442590
5442580;Chargé / Chargée de communication externe (H/F);FCF-ARGOS;École / CFA;Chargé / Chargée de communication;25 - Fontain;Autres régions;Contrat apprentissage;Non précisé;1;0;0;0;"";"";2026-07-25;0;Publiée par une école ou un CFA;https://candidat.francetravail.fr/offres/recherche/detail/5442580
5442561;Chargé / Chargée de communication digitale (H/F);FCF-ARGOS;École / CFA;Chargé / Chargée de communication;25 - Besançon;Autres régions;Contrat apprentissage;Non précisé;1;0;0;0;"";"";2026-07-25;0;Publiée par une école ou un CFA;https://candidat.francetravail.fr/offres/recherche/detail/5442561
5016027;Conseiller de vente (H/F);Entreprise non communiquée;École / CFA;Chargé / Chargée de relation client;77 - Saint-Mard;Île-de-France;Contrat apprentissage;Bac+2/3;0;1;0;0;Annuel de 480.0 Euros à 1801.0 Euros;"";2026-07-16;0;Publiée par une école ou un CFA;https://candidat.francetravail.fr/offres/recherche/detail/5016027
210VKXT;Community Manager en alternance (H/F);LPP STE ELISABETH-SEPTEMES;École / CFA;Community manager;13 - SEPTEMES LES VALLONS;Autres régions;Contrat apprentissage;Bac+2/3;1;0;0;0;"";Enseignement secondaire technique ou professionnel;2026-07-06;0;Publiée par une école ou un CFA;https://candidat.francetravail.fr/offres/recherche/detail/210VKXT
210RSNH;Marketing Community Manager / Alternance / St-Pierre (H/F);STAND UP FORMATION SUD;École / CFA;Community manager;974 - Saint-Pierre;Autres régions;Contrat apprentissage;Bac+2/3;1;0;0;0;"";Formation continue d'adultes;2026-07-03;0;Publiée par une école ou un CFA;https://candidat.francetravail.fr/offres/recherche/detail/210RSNH
4481382;Assistant / Assistante à la direction marketing (H/F);AUREIS FORMATION;École / CFA;Assistant / Assistante marketing;95 - Herblay-sur-Seine;Île-de-France;Contrat apprentissage;Non précisé;1;0;0;0;"";"";2026-07-02;0;Publiée par une école ou un CFA;https://candidat.francetravail.fr/offres/recherche/detail/4481382
4296389;Chargé / Chargée responsable de projet événementiel (H/F);NOMAD FORMATION;École / CFA;Chef / Cheffe de projet événementiel;59 - Lille;Autres régions;Contrat apprentissage;Non précisé;0;0;0;0;"";"";2026-06-27;0;Publiée par une école ou un CFA;https://candidat.francetravail.fr/offres/recherche/detail/4296389
4298715;Chargé / Chargée d'affaires marketing (H/F);AUREIS FORMATION;École / CFA;Responsable marketing;44 - Nantes;Autres régions;Contrat apprentissage;Non précisé;1;0;1;0;"";"";2026-06-27;0;Publiée par une école ou un CFA;https://candidat.francetravail.fr/offres/recherche/detail/4298715
4298872;Assistant / Assistante à la direction marketing (H/F);AUREIS FORMATION;École / CFA;Assistant / Assistante marketing;75 - Paris 10e Arrondissement;Île-de-France;Contrat apprentissage;Non précisé;1;0;0;0;"";"";2026-06-27;0;Publiée par une école ou un CFA;https://candidat.francetravail.fr/offres/recherche/detail/4298872
4298736;Assistant / Assistante à la direction marketing (H/F);AUREIS FORMATION;École / CFA;Assistant / Assistante marketing;93 - Tremblay-en-France;Île-de-France;Contrat apprentissage;Non précisé;1;0;0;0;"";"";2026-06-27;0;Publiée par une école ou un CFA;https://candidat.francetravail.fr/offres/recherche/detail/4298736
4296412;Chargé / Chargée e-commerce (H/F);AUREIS FORMATION;École / CFA;Responsable e-commerce;75 - Paris 8e Arrondissement;Île-de-France;Contrat apprentissage;Non précisé;0;1;0;0;"";"";2026-06-27;0;Publiée par une école ou un CFA;https://candidat.francetravail.fr/offres/recherche/detail/4296412
4296430;Chargé / Chargée e-commerce (H/F);AUREIS FORMATION;École / CFA;Responsable e-commerce;94 - Maisons-Alfort;Île-de-France;Contrat apprentissage;Non précisé;0;1;0;0;"";"";2026-06-27;0;Publiée par une école ou un CFA;https://candidat.francetravail.fr/offres/recherche/detail/4296430
4298929;Assistant / Assistante chef de produit (H/F);ASSOCIATION IMC ALTERNANCE;École / CFA;Chef / Cheffe de produit;93 - Saint-Denis;Île-de-France;Contrat apprentissage;Non précisé;1;0;0;0;"";"";2026-06-27;0;Publiée par une école ou un CFA;https://candidat.francetravail.fr/offres/recherche/detail/4298929
4296544;Chargé / Chargée de communication digitale (H/F);AUREIS FORMATION;École / CFA;Chargé / Chargée de communication;75 - Paris 12e Arrondissement;Île-de-France;Contrat apprentissage;Non précisé;1;0;0;0;"";"";2026-06-27;0;Publiée par une école ou un CFA;https://candidat.francetravail.fr/offres/recherche/detail/4296544
4296383;Chargé / Chargée de communication interne (H/F);AUREIS FORMATION;École / CFA;Chargé / Chargée de communication;06 - Nice;Autres régions;Contrat apprentissage;Non précisé;1;0;0;0;"";"";2026-06-27;0;Publiée par une école ou un CFA;https://candidat.francetravail.fr/offres/recherche/detail/4296383
4298992;Chargé / Chargée d'affiliation et de partenariats e-commerce (H/F);AUREIS FORMATION;École / CFA;Responsable marketing;92 - Courbevoie;Île-de-France;Contrat apprentissage;Non précisé;1;1;0;0;"";"";2026-06-27;0;Publiée par une école ou un CFA;https://candidat.francetravail.fr/offres/recherche/detail/4298992
4011655;E.Leclerc - Assistant Marketing/Communication (alternance) - H/F;CLICHY DISTRIBUTION;École / CFA;Chargé / Chargée de communication;92 - Clichy;Île-de-France;Contrat apprentissage;Non précisé;1;1;0;0;"";"";2026-06-19;0;Publiée par une école ou un CFA;https://candidat.francetravail.fr/offres/recherche/detail/4011655
